tile,cpc_numerator,observed_mass,predicted_mass,full_domain_observed_mass,origins,empty_assigned_tile,cpc,legacy_mixed_support_ratio
390,1912.0,956.0,956.0,1275.0,1,False,1.0,0.7498039215686274
94,64204.97026467342,35465.0,35465.0,74022.0,18,False,0.9051877945111155,0.43368843225442044
352,19823.810478007857,10981.0,10981.0,20376.0,4,False,0.9026414023316572,0.4864500019142093
119,17630.937684490775,8991.0,8991.0,18116.0,2,False,0.9804770150423076,0.486612322932512
216,0.0,0.0,0.0,0.0,1,False,0.0,0.0
101,10745.631391758989,5373.0,5372.999999999999,10368.0,3,False,0.9999656980978028,0.5182113904204759
300,11199.433387745708,5676.0,5676.0,11160.0,2,False,0.9865603759465916,0.5017667288416536
331,2770.0,1385.0,1385.0,2526.0,1,False,1.0,0.5482977038796516
23,204639.77102138728,150479.0,150479.0,207002.0,39,False,0.6799612272190382,0.4942941880305197
165,3681.0472246770096,1842.0,1841.9999999999998,3475.0,6,False,0.9991984866115661,0.5296470826873395
156,204780.28403505078,129201.0,129201.0,162457.0,23,False,0.7924872254667177,0.6302599581275377
221,15364.750724423771,7921.0,7921.0,13447.0,2,False,0.9698744302754558,0.571307753566735
388,8529.829316051813,4265.0,4265.0,7000.0,2,False,0.9999799901584775,0.6092735225751296
275,0.0,0.0,0.0,0.0,1,False,0.0,0.0
362,1414.0,707.0,707.0,1026.0,1,False,1.0,0.6890838206627681
214,0.0,0.0,0.0,0.0,1,False,0.0,0.0
379,35311.786215659675,19484.0,19484.0,34542.0,7,False,0.9061739431240935,0.5111427568707613
47,15512.858728131734,8150.0,8149.999999999999,15672.0,3,False,0.9517091244252598,0.49492275166321253
445,17839.537670184574,9552.0,9552.0,16687.0,8,False,0.9338116452148542,0.5345339986272121
284,1082.0,541.0,541.0,902.0,1,False,1.0,0.5997782705099778
88,14556.061090617744,7592.0,7592.0,12663.0,2,False,0.9586446977487977,0.5747477331839905
50,15377.634206874325,8126.0,8126.0,14543.0,3,False,0.9461994958696975,0.5286953932089089
447,0.0,0.0,0.0,0.0,2,False,0.0,0.0
78,19387.195476474866,10399.0,10399.0,16910.0,3,False,0.9321663369783088,0.5732464658922196
456,244607.10774297584,150759.0,150759.0,279779.0,38,False,0.8112520902333388,0.43714343775439873
206,0.0,0.0,0.0,0.0,3,False,0.0,0.0
135,22100.820887314097,11507.0,11507.0,19943.0,3,False,0.9603207129275266,0.5540997063459384
450,332860.05661660037,241207.0,241207.0,415871.0,64,False,0.6899883846998643,0.4001962827614818
248,7410.012581450132,3720.0,3720.0,7300.0,3,False,0.9959694329906091,0.5075351083185021
84,423696.8023941522,374992.0,374992.0,523017.0,89,False,0.5649411219361375,0.4050506985376692
140,0.0,0.0,0.0,0.0,0,True,0.0,0.0
57,7731.306273639285,3866.0,3866.0,7248.0,2,False,0.999910278535862,0.5333406645722465
401,65520.690017915695,35739.0,35739.0,57230.0,8,False,0.9166553347591664,0.5724330772140109
467,8883.395525146792,4563.0,4563.000000000001,7440.0,6,False,0.9734161215370143,0.5970023874426608
107,62880.608898102415,34439.0,34439.0,56001.0,9,False,0.9129273338090887,0.5614239825905111
32,535338.7143570342,501778.0,501778.0,702365.0,127,False,0.5334417953328306,0.38109723175060983
147,26693.444516669653,14305.0,14305.0,27815.0,5,False,0.9330109932425604,0.4798390170172506
212,91489.40016162016,54626.0,54625.99999999999,71432.0,14,False,0.8374162501521268,0.6403950621683571
411,123378.84922035642,91567.0,91567.00000000001,142146.0,28,False,0.673708045586054,0.43398635635317356
389,0.0,0.0,0.0,0.0,1,False,0.0,0.0
251,3923.7905161565727,1962.0,1962.0,3497.0,2,False,0.9999466147188004,0.561022378632624
148,265420.64147043996,183765.0,183765.0,267544.0,37,False,0.7221740850282697,0.49603175827235885
196,9462.0,4731.0,4731.0,8564.0,1,False,1.0,0.5524287716020552
320,55045.41505701296,31660.0,31660.0,55594.0,12,False,0.8693211474575641,0.49506614973749824
230,0.0,0.0,0.0,0.0,2,False,0.0,0.0
437,2943.859305327706,1472.0,1472.0,3679.0,2,False,0.9999522096901174,0.4000896038771006
274,4574.0,2287.0,2287.0,5174.0,1,False,1.0,0.4420177812137611
161,17981.724221305394,9537.0,9537.0,17587.0,6,False,0.9427348338736182,0.5112220452978165
271,23083.422552760523,13210.0,13210.0,21387.0,9,False,0.8737101647524801,0.5396601335568458
40,16836.44298338177,8802.0,8802.0,18167.0,3,False,0.9563987152568604,0.4633798366098357
143,10560.0,5280.0,5280.0,9563.0,1,False,1.0,0.5521279933075395
359,3030.0,1515.0,1515.0,3988.0,1,False,1.0,0.37988966900702104
365,4129.6328992145045,2065.0,2065.0,4514.0,3,False,0.9999111136112602,0.4574249999129934
18,8844.0,4422.0,4422.0,9273.0,1,False,1.0,0.47686832740213525
349,82485.71384515548,53092.0,53092.0,82107.0,13,False,0.7768186717881741,0.5023062214254295
318,83274.49014031068,45473.0,45473.0,83423.0,13,False,0.9156476386021449,0.49910989859098015
31,196582.38622926193,127704.0,127704.0,198072.0,26,False,0.7696798308168183,0.4962397164396329
82,31058.997439429626,17168.0,17168.0,32065.0,6,False,0.9045607362368834,0.4843130740594047
87,5816.0,2908.0,2908.0,6746.0,1,False,1.0,0.43107026386006525
256,8763.897213062679,4382.0,4382.0,8138.0,2,False,0.9999882716867502,0.5384552232159424
166,5118.0,2559.0,2559.0,5115.0,1,False,1.0,0.5002932551319648
348,174126.11127767994,112219.0,112219.0,174543.0,27,False,0.775831683037988,0.4988057707203381
227,0.0,0.0,0.0,0.0,1,False,0.0,0.0
195,12560.976872398325,6416.0,6416.0,14407.0,2,False,0.9788791203552311,0.43593311835907284
287,0.0,0.0,0.0,0.0,1,False,0.0,0.0
164,8486.862540894574,4244.0,4244.0,8873.0,3,False,0.9998659920940827,0.4782408734866772
99,7821.623897501715,4008.0,4008.0,8061.0,2,False,0.9757514842192758,0.48515220800779774
191,9419.947551206928,4710.0,4710.0,6170.0,2,False,0.9999944321875719,0.7633669004219552
4,15254.850265344014,8040.0,8040.000000000001,14406.0,4,False,0.9486847179940306,0.5294616918417331
383,256610.85494176982,195854.0,195854.0,300884.0,60,False,0.6551075161645149,0.4264282164252167
358,0.0,0.0,0.0,0.0,2,False,0.0,0.0
21,38837.74742480849,19932.0,19932.0,41754.0,6,False,0.9742561565524908,0.46507816526331
58,7064.0,3532.0,3532.0,6462.0,1,False,1.0,0.546580006190034
207,6923.799168779881,3462.0,3461.9999999999995,7153.0,3,False,0.9999709949133277,0.4839786920718497
173,15305.944952929729,7916.0,7916.000000000001,15618.0,3,False,0.9667726726206246,0.49000976286751596
177,50093.410994429905,27851.0,27851.0,49646.0,7,False,0.8993108145924725,0.5045060125128903
213,14268.418246096426,7390.0,7390.0,13362.0,2,False,0.9653868908049003,0.5339177610423749
290,10068.0,5034.0,5034.0,10521.0,1,False,1.0,0.478471628172227
98,12913.27931079294,6804.0,6804.000000000002,12893.0,3,False,0.9489476271893693,0.5007864465521189
297,1472.0,736.0,736.0,1797.0,1,False,1.0,0.4095715080690039
5,13164.863010042303,7164.0,7163.999999999999,12407.0,2,False,0.9188207014267381,0.5305417510293505
209,4513.88667673349,2257.0,2257.0,4506.0,2,False,0.9999748951558464,0.5008751305740669
126,0.0,0.0,0.0,0.0,0,True,0.0,0.0
373,317475.3529276776,232798.0,232798.0,369550.0,51,False,0.6818687293870171,0.4295431645618693
56,0.0,0.0,0.0,0.0,1,False,0.0,0.0
39,18163.403174059258,9335.0,9335.0,16069.0,2,False,0.9728657297300085,0.5651690576283297
354,26921.78660235938,14196.0,14196.0,28378.0,5,False,0.9482173359523591,0.47434256470433755
202,4144.0,2072.0,2072.0,4025.0,1,False,1.0,0.5147826086956522
386,4617.587158893433,2310.0,2309.9999999999995,4195.0,5,False,0.9994777400202236,0.5503679569598848
264,0.0,0.0,0.0,0.0,2,False,0.0,0.0
189,6080.0,3040.0,3040.0,6265.0,1,False,1.0,0.4852354349561053
347,124976.01798873987,77070.0,77070.0,129146.0,17,False,0.8107954975265335,0.4838555510381269
345,290983.0475102647,190247.0,190247.0,269187.0,54,False,0.764750685977347,0.5404849556447092
325,7963.70624107249,4013.0,4013.0,8166.0,2,False,0.9922385049928346,0.4876136566906986
178,9943.743072626192,4972.0,4972.0,10273.0,2,False,0.9999741625730282,0.48397464580094385
85,0.0,0.0,0.0,0.0,0,True,0.0,0.0
60,4720.0,2360.0,2360.0,4860.0,1,False,1.0,0.48559670781893005
355,114711.14811025905,89004.0,89004.0,139748.0,27,False,0.6444156898019137,0.41042143039706847
203,0.0,0.0,0.0,0.0,0,True,0.0,0.0
174,0.0,0.0,0.0,0.0,1,False,0.0,0.0
80,20032.488265165055,10550.0,10550.0,15254.0,3,False,0.9494070267850737,0.6566306629462781
356,71590.57081827238,41379.0,41379.0,70630.0,10,False,0.8650592186649312,0.5068000199509584
328,58457.23042883139,39669.0,39669.0,52684.0,10,False,0.7368125038295822,0.5547911171212454
417,4108.0,2054.0,2054.0,3421.0,1,False,1.0,0.6004092370651856
103,39852.53965410204,21668.0,21668.0,34936.0,7,False,0.9196174001777284,0.5703649481065668
157,11259.726398897024,5660.0,5660.000000000001,13026.0,3,False,0.9946754769343661,0.43220199596564657
255,51050.98121025076,29524.0,29524.0,40391.0,7,False,0.8645674910284982,0.631959857520868
342,1504636.8187969327,2103609.0,2103609.0,2922922.0,432,False,0.3576322450600213,0.2573857288694212
434,0.0,0.0,0.0,0.0,0,True,0.0,0.0
54,22878.503690791644,13074.0,13074.0,20828.0,8,False,0.8749618973073139,0.549224690099665
210,4489.765321752114,2245.0,2244.9999999999995,3921.0,2,False,0.9999477331296467,0.5725280950971836
293,103740.2358668949,74631.0,74631.0,114524.0,17,False,0.6950210761405776,0.45291919539526604
43,34644.41786581164,17663.0,17662.999999999996,38832.0,8,False,0.9807059351698931,0.4460807821617692
49,15409.368170275931,7727.0,7727.0,14301.0,2,False,0.9971119561457183,0.5387514219381837
306,1698.0,849.0,849.0,1514.0,1,False,1.0,0.5607661822985469
146,6477.698300209231,3239.0,3239.0,7425.0,3,False,0.9999534270159356,0.43620863974472934
246,6025.6666923110815,3048.0,3048.0,4720.0,2,False,0.9884623839092982,0.6383121496092248
42,50663.78569604937,27036.0,27036.0,52250.0,8,False,0.936968961681635,0.4848209157516686
439,1960.0,980.0,980.0,2088.0,1,False,1.0,0.46934865900383144
278,15600.49588094312,8185.0,8185.000000000001,13963.0,2,False,0.9529930287686694,0.5586369648694092
17,11332.0,5666.0,5666.0,9518.0,1,False,1.0,0.5952931288085732
118,28599.797214035483,15739.0,15739.0,28714.0,4,False,0.9085646233571218,0.49801137448693117
408,26635.662980706777,14104.0,14104.0,24709.0,4,False,0.9442591811084365,0.5389870690984414
295,22413.517637536286,12644.0,12644.0,21369.0,4,False,0.8863301818070344,0.5244400214688635
113,21898.645468024006,11943.0,11942.999999999998,21634.0,3,False,0.9167983533460607,0.5061164247948601
444,0.0,0.0,0.0,0.0,1,False,0.0,0.0
270,6216.329807476724,3110.0,3110.0000000000005,6798.0,5,False,0.9994099368933641,0.45721754982912066
277,2845.9445294809257,1423.0,1423.0000000000002,3203.0,2,False,0.999980509304612,0.4442623367906534
241,23534.126580596025,14371.0,14371.0,19802.0,3,False,0.8188061575602263,0.5942361019239477
73,64282.292919120715,35278.0,35278.0,65936.0,6,False,0.9110818770780758,0.48745975581716144
301,24823.55242095802,14080.0,14080.0,20386.0,3,False,0.8815181967669752,0.6088382326341122
70,15294.080513147563,7713.0,7713.0,14062.0,2,False,0.9914482375954597,0.5438088647826612
399,1302680.91267904,1396365.0,1396365.0,1865001.0,169,False,0.4664542983672035,0.34924402525227605
45,5656.0,2828.0,2828.0,4702.0,1,False,1.0,0.6014461931093151
333,2132.0,1066.0,1066.0,1474.0,1,False,1.0,0.723202170963365
240,11326.0,5663.0,5663.0,10313.0,1,False,1.0,0.5491127702899253
163,63902.88759090014,36571.0,36571.00000000001,67467.0,10,False,0.8736825297489834,0.47358625395304477
93,132362.68374339442,81828.0,81828.0,132562.0,25,False,0.8087860129991837,0.4992482149612801
132,23925.632339271717,12894.0,12894.0,23518.0,2,False,0.9277816170029362,0.5086663904088723
91,10532.912214177331,5267.0,5266.999999999999,10701.0,4,False,0.9998967357297638,0.49214616457234517
208,5491.793818598204,2746.0,2746.0,6275.0,3,False,0.9999624578656598,0.4375931329560322
153,4156.0,2078.0,2078.0,4267.0,1,False,1.0,0.4869932036559644
235,2662.0,1331.0,1331.0,2550.0,1,False,1.0,0.5219607843137255
72,25017.078409291353,12721.0,12721.0,23352.0,3,False,0.9832984203007371,0.535651730243477
266,14025.634874557538,7226.0,7226.0,13643.0,2,False,0.9704978462882327,0.5140231208149798
169,0.0,0.0,0.0,0.0,3,False,0.0,0.0
414,62176.41285653781,36816.0,36816.0,61353.0,14,False,0.8444210785601072,0.5067104530873617
296,6464.0,3232.0,3232.0,6143.0,1,False,1.0,0.526127299365131
367,0.0,0.0,0.0,0.0,1,False,0.0,0.0
377,112497.59677855992,68632.0,68632.0,113712.0,18,False,0.8195710221074711,0.49466018000984907
9,132301.1987876747,76538.0,76538.0,91664.0,12,False,0.8642843998254115,0.7216638963370281
364,0.0,0.0,0.0,0.0,2,False,0.0,0.0
319,95586.6193478002,55787.0,55787.0,96206.0,19,False,0.8567105181117483,0.4967809666122705
440,0.0,0.0,0.0,0.0,1,False,0.0,0.0
117,67596.54200036787,42614.0,42614.00000000001,61503.0,15,False,0.7931259914625226,0.5495385753570384
37,47585.04308344107,27816.0,27816.0,34522.0,6,False,0.8553538086612215,0.6891988164567677
371,2456646.2077277764,4054523.0,4054523.0,5681195.0,820,False,0.30295132223047894,0.21620858003710278
303,10428.652440502265,5215.0,5215.0,9562.0,2,False,0.9998707996646466,0.5453175298317436
151,0.0,0.0,0.0,0.0,1,False,0.0,0.0
321,21740.002253840867,11302.0,11302.0,22750.0,4,False,0.9617767764042146,0.4778022473371619
22,141748.72637100745,124084.0,124084.0,190901.0,38,False,0.5711805163075314,0.37126239875906214
438,10880.0,5440.0,5440.0,8053.0,1,False,1.0,0.6755246491990563
38,4848.0,2424.0,2424.0,5166.0,1,False,1.0,0.4692218350754936
311,7476.0,3738.0,3738.0,6482.0,1,False,1.0,0.5766738660907127
253,6947.77478315243,3474.0,3474.0,4955.0,2,False,0.9999675853702404,0.701087263688439
97,17180.733654777578,8742.0,8741.999999999998,18211.0,4,False,0.9826546359401497,0.4717130760193723
267,12542.363075814534,6888.0,6888.0,11665.0,2,False,0.910450281345422,0.5376066470559165
114,19222.259709812595,10222.0,10222.0,18344.0,3,False,0.9402396649292015,0.523938609622018
160,14912.937181928624,7771.0,7770.999999999999,15919.0,3,False,0.9595249763176312,0.4684005647945419
302,20855.20822654469,11426.0,11426.0,20645.0,3,False,0.9126206995687333,0.505091020260225
110,0.0,0.0,0.0,0.0,4,False,0.0,0.0
158,20739.794357412073,11080.0,11080.0,21986.0,3,False,0.9359112977171513,0.47165910937442174
10,12116.564463733082,6154.0,6154.0,13287.0,2,False,0.9844462515220249,0.4559556131456718
396,0.0,0.0,0.0,0.0,1,False,0.0,0.0
463,32422.076052359153,19326.0,19326.000000000004,31835.0,13,False,0.8388201400279197,0.5092206070733336
402,54766.95674818175,30667.0,30667.0,48314.0,8,False,0.8929298064398499,0.566781437556213
187,0.0,0.0,0.0,0.0,2,False,0.0,0.0
422,4653.6510069533915,2327.0,2327.0,4832.0,3,False,0.9999250122375143,0.48154501313673337
41,37709.283104873495,20591.0,20591.0,39313.0,6,False,0.9156739134785463,0.47960322418631873
326,10698.0,5349.0,5349.0,9432.0,1,False,1.0,0.5671119592875318
405,34940.23790989326,18601.0,18600.999999999996,32731.0,5,False,0.9392032124588263,0.5337484022775543
59,0.0,0.0,0.0,0.0,3,False,0.0,0.0
412,34945.95028293936,19676.0,19676.0,38647.0,7,False,0.8880349228232202,0.45211724432607137
138,0.0,0.0,0.0,0.0,1,False,0.0,0.0
30,37881.73994647233,21042.0,21042.0,39491.0,5,False,0.9001458974069083,0.479624977165333
323,8256.39402759406,4310.0,4310.0,9491.0,3,False,0.9578183326675244,0.4349591206192214
44,10569.878903092347,5510.0,5510.0,12387.0,2,False,0.9591541654348772,0.42665209102657414
55,6302.0,3151.0,3151.0,6279.0,1,False,1.0,0.5018315018315018
360,3126.0,1563.0,1563.0,2615.0,1,False,1.0,0.5977055449330784
192,9067.600381342709,4534.0,4534.0,9092.0,4,False,0.9999559308935497,0.49865818199200995
190,25450.361321453838,14231.0,14231.0,18691.0,3,False,0.8941873839313413,0.680818611135141
111,0.0,0.0,0.0,0.0,1,False,0.0,0.0
104,31306.201438904645,16375.0,16375.0,30251.0,6,False,0.9559145477528136,0.5174407695432324
