service_date,table,relative_path,size_bytes,modified_utc,separator,raw_header_column_count,schema_column_count,trailing_empty_columns,header_sha256,schema,read_status,error
2024-11-01,viajes,viajes/2024-11-01.viajes.csv,532506978,2024-12-11T20:06:54+00:00,|,101,100,1,d4a367dc7abf3e5f66d17c0394b3602e3c62eb6e09e49d47884c3ea8b6162b27,tipodia|factor_expansion|n_etapas|tviaje|distancia_eucl|distancia_ruta|tiempo_inicio_viaje|tiempo_fin_viaje|mediahora_inicio_viaje|mediahora_fin_viaje|periodo_inicio_viaje|periodo_fin_viaje|tipo_transporte_1|tipo_transporte_2|tipo_transporte_3|tipo_transporte_4|srv_1|srv_2|srv_3|srv_4|paradero_inicio_viaje|paradero_fin_viaje|comuna_inicio_viaje|comuna_fin_viaje|zona_inicio_viaje|zona_fin_viaje|modos|tiempo_subida_1|tiempo_subida_2|tiempo_subida_3|tiempo_subida_4|tiempo_bajada_1|tiempo_bajada_2|tiempo_bajada_3|tiempo_bajada_4|zona_subida_1|zona_subida_2|zona_subida_3|zona_subida_4|zona_bajada_1|zona_bajada_2|zona_bajada_3|zona_bajada_4|paradero_subida_1|paradero_subida_2|paradero_subida_3|paradero_subida_4|paradero_bajada_1|paradero_bajada_2|paradero_bajada_3|paradero_bajada_4|mediahora_bajada_1|mediahora_bajada_2|mediahora_bajada_3|mediahora_bajada_4|periodo_bajada_1|periodo_bajada_2|periodo_bajada_3|periodo_bajada_4|id_tarjeta|id_viaje|netapassinbajada|ultimaetapaconbajada|contrato|mediahora_inicio_viaje_hora|mediahora_fin_viaje_hora|op_1era_etapa|op_2da_etapa|op_3era_etapa|op_4ta_etapa|dt1|dveh_ruta1|dveh_euc1|dt2|dveh_ruta2|dveh_euc2|dt3|dveh_ruta3|dveh_euc3|dveh_ruta4|dveh_euc4|dtfinal|dveh_rutafinal|dveh_eucfinal|tipo_corte_etapa_viaje|proposito|entrada|te0|tv1|tc1|te1|tv2|tc2|te2|tv3|tc3|te3|tv4|egreso|tviaje2,header_ok,
2024-11-02,viajes,viajes/2024-11-02.viajes.csv,696613695,2024-12-11T20:19:07+00:00,|,101,100,1,d4a367dc7abf3e5f66d17c0394b3602e3c62eb6e09e49d47884c3ea8b6162b27,tipodia|factor_expansion|n_etapas|tviaje|distancia_eucl|distancia_ruta|tiempo_inicio_viaje|tiempo_fin_viaje|mediahora_inicio_viaje|mediahora_fin_viaje|periodo_inicio_viaje|periodo_fin_viaje|tipo_transporte_1|tipo_transporte_2|tipo_transporte_3|tipo_transporte_4|srv_1|srv_2|srv_3|srv_4|paradero_inicio_viaje|paradero_fin_viaje|comuna_inicio_viaje|comuna_fin_viaje|zona_inicio_viaje|zona_fin_viaje|modos|tiempo_subida_1|tiempo_subida_2|tiempo_subida_3|tiempo_subida_4|tiempo_bajada_1|tiempo_bajada_2|tiempo_bajada_3|tiempo_bajada_4|zona_subida_1|zona_subida_2|zona_subida_3|zona_subida_4|zona_bajada_1|zona_bajada_2|zona_bajada_3|zona_bajada_4|paradero_subida_1|paradero_subida_2|paradero_subida_3|paradero_subida_4|paradero_bajada_1|paradero_bajada_2|paradero_bajada_3|paradero_bajada_4|mediahora_bajada_1|mediahora_bajada_2|mediahora_bajada_3|mediahora_bajada_4|periodo_bajada_1|periodo_bajada_2|periodo_bajada_3|periodo_bajada_4|id_tarjeta|id_viaje|netapassinbajada|ultimaetapaconbajada|contrato|mediahora_inicio_viaje_hora|mediahora_fin_viaje_hora|op_1era_etapa|op_2da_etapa|op_3era_etapa|op_4ta_etapa|dt1|dveh_ruta1|dveh_euc1|dt2|dveh_ruta2|dveh_euc2|dt3|dveh_ruta3|dveh_euc3|dveh_ruta4|dveh_euc4|dtfinal|dveh_rutafinal|dveh_eucfinal|tipo_corte_etapa_viaje|proposito|entrada|te0|tv1|tc1|te1|tv2|tc2|te2|tv3|tc3|te3|tv4|egreso|tviaje2,header_ok,
2024-11-03,viajes,viajes/2024-11-03.viajes.csv,435684236,2024-12-11T20:28:22+00:00,|,101,100,1,d4a367dc7abf3e5f66d17c0394b3602e3c62eb6e09e49d47884c3ea8b6162b27,tipodia|factor_expansion|n_etapas|tviaje|distancia_eucl|distancia_ruta|tiempo_inicio_viaje|tiempo_fin_viaje|mediahora_inicio_viaje|mediahora_fin_viaje|periodo_inicio_viaje|periodo_fin_viaje|tipo_transporte_1|tipo_transporte_2|tipo_transporte_3|tipo_transporte_4|srv_1|srv_2|srv_3|srv_4|paradero_inicio_viaje|paradero_fin_viaje|comuna_inicio_viaje|comuna_fin_viaje|zona_inicio_viaje|zona_fin_viaje|modos|tiempo_subida_1|tiempo_subida_2|tiempo_subida_3|tiempo_subida_4|tiempo_bajada_1|tiempo_bajada_2|tiempo_bajada_3|tiempo_bajada_4|zona_subida_1|zona_subida_2|zona_subida_3|zona_subida_4|zona_bajada_1|zona_bajada_2|zona_bajada_3|zona_bajada_4|paradero_subida_1|paradero_subida_2|paradero_subida_3|paradero_subida_4|paradero_bajada_1|paradero_bajada_2|paradero_bajada_3|paradero_bajada_4|mediahora_bajada_1|mediahora_bajada_2|mediahora_bajada_3|mediahora_bajada_4|periodo_bajada_1|periodo_bajada_2|periodo_bajada_3|periodo_bajada_4|id_tarjeta|id_viaje|netapassinbajada|ultimaetapaconbajada|contrato|mediahora_inicio_viaje_hora|mediahora_fin_viaje_hora|op_1era_etapa|op_2da_etapa|op_3era_etapa|op_4ta_etapa|dt1|dveh_ruta1|dveh_euc1|dt2|dveh_ruta2|dveh_euc2|dt3|dveh_ruta3|dveh_euc3|dveh_ruta4|dveh_euc4|dtfinal|dveh_rutafinal|dveh_eucfinal|tipo_corte_etapa_viaje|proposito|entrada|te0|tv1|tc1|te1|tv2|tc2|te2|tv3|tc3|te3|tv4|egreso|tviaje2,header_ok,
2024-11-04,viajes,viajes/2024-11-04.viajes.csv,1499832817,2024-12-11T20:57:14+00:00,|,101,100,1,d4a367dc7abf3e5f66d17c0394b3602e3c62eb6e09e49d47884c3ea8b6162b27,tipodia|factor_expansion|n_etapas|tviaje|distancia_eucl|distancia_ruta|tiempo_inicio_viaje|tiempo_fin_viaje|mediahora_inicio_viaje|mediahora_fin_viaje|periodo_inicio_viaje|periodo_fin_viaje|tipo_transporte_1|tipo_transporte_2|tipo_transporte_3|tipo_transporte_4|srv_1|srv_2|srv_3|srv_4|paradero_inicio_viaje|paradero_fin_viaje|comuna_inicio_viaje|comuna_fin_viaje|zona_inicio_viaje|zona_fin_viaje|modos|tiempo_subida_1|tiempo_subida_2|tiempo_subida_3|tiempo_subida_4|tiempo_bajada_1|tiempo_bajada_2|tiempo_bajada_3|tiempo_bajada_4|zona_subida_1|zona_subida_2|zona_subida_3|zona_subida_4|zona_bajada_1|zona_bajada_2|zona_bajada_3|zona_bajada_4|paradero_subida_1|paradero_subida_2|paradero_subida_3|paradero_subida_4|paradero_bajada_1|paradero_bajada_2|paradero_bajada_3|paradero_bajada_4|mediahora_bajada_1|mediahora_bajada_2|mediahora_bajada_3|mediahora_bajada_4|periodo_bajada_1|periodo_bajada_2|periodo_bajada_3|periodo_bajada_4|id_tarjeta|id_viaje|netapassinbajada|ultimaetapaconbajada|contrato|mediahora_inicio_viaje_hora|mediahora_fin_viaje_hora|op_1era_etapa|op_2da_etapa|op_3era_etapa|op_4ta_etapa|dt1|dveh_ruta1|dveh_euc1|dt2|dveh_ruta2|dveh_euc2|dt3|dveh_ruta3|dveh_euc3|dveh_ruta4|dveh_euc4|dtfinal|dveh_rutafinal|dveh_eucfinal|tipo_corte_etapa_viaje|proposito|entrada|te0|tv1|tc1|te1|tv2|tc2|te2|tv3|tc3|te3|tv4|egreso|tviaje2,header_ok,
2024-11-05,viajes,viajes/2024-11-05.viajes.csv,1521134429,2024-12-11T21:26:58+00:00,|,101,100,1,d4a367dc7abf3e5f66d17c0394b3602e3c62eb6e09e49d47884c3ea8b6162b27,tipodia|factor_expansion|n_etapas|tviaje|distancia_eucl|distancia_ruta|tiempo_inicio_viaje|tiempo_fin_viaje|mediahora_inicio_viaje|mediahora_fin_viaje|periodo_inicio_viaje|periodo_fin_viaje|tipo_transporte_1|tipo_transporte_2|tipo_transporte_3|tipo_transporte_4|srv_1|srv_2|srv_3|srv_4|paradero_inicio_viaje|paradero_fin_viaje|comuna_inicio_viaje|comuna_fin_viaje|zona_inicio_viaje|zona_fin_viaje|modos|tiempo_subida_1|tiempo_subida_2|tiempo_subida_3|tiempo_subida_4|tiempo_bajada_1|tiempo_bajada_2|tiempo_bajada_3|tiempo_bajada_4|zona_subida_1|zona_subida_2|zona_subida_3|zona_subida_4|zona_bajada_1|zona_bajada_2|zona_bajada_3|zona_bajada_4|paradero_subida_1|paradero_subida_2|paradero_subida_3|paradero_subida_4|paradero_bajada_1|paradero_bajada_2|paradero_bajada_3|paradero_bajada_4|mediahora_bajada_1|mediahora_bajada_2|mediahora_bajada_3|mediahora_bajada_4|periodo_bajada_1|periodo_bajada_2|periodo_bajada_3|periodo_bajada_4|id_tarjeta|id_viaje|netapassinbajada|ultimaetapaconbajada|contrato|mediahora_inicio_viaje_hora|mediahora_fin_viaje_hora|op_1era_etapa|op_2da_etapa|op_3era_etapa|op_4ta_etapa|dt1|dveh_ruta1|dveh_euc1|dt2|dveh_ruta2|dveh_euc2|dt3|dveh_ruta3|dveh_euc3|dveh_ruta4|dveh_euc4|dtfinal|dveh_rutafinal|dveh_eucfinal|tipo_corte_etapa_viaje|proposito|entrada|te0|tv1|tc1|te1|tv2|tc2|te2|tv3|tc3|te3|tv4|egreso|tviaje2,header_ok,
2024-11-06,viajes,viajes/2024-11-06.viajes.csv,1532842705,2024-12-11T21:57:11+00:00,|,101,100,1,d4a367dc7abf3e5f66d17c0394b3602e3c62eb6e09e49d47884c3ea8b6162b27,tipodia|factor_expansion|n_etapas|tviaje|distancia_eucl|distancia_ruta|tiempo_inicio_viaje|tiempo_fin_viaje|mediahora_inicio_viaje|mediahora_fin_viaje|periodo_inicio_viaje|periodo_fin_viaje|tipo_transporte_1|tipo_transporte_2|tipo_transporte_3|tipo_transporte_4|srv_1|srv_2|srv_3|srv_4|paradero_inicio_viaje|paradero_fin_viaje|comuna_inicio_viaje|comuna_fin_viaje|zona_inicio_viaje|zona_fin_viaje|modos|tiempo_subida_1|tiempo_subida_2|tiempo_subida_3|tiempo_subida_4|tiempo_bajada_1|tiempo_bajada_2|tiempo_bajada_3|tiempo_bajada_4|zona_subida_1|zona_subida_2|zona_subida_3|zona_subida_4|zona_bajada_1|zona_bajada_2|zona_bajada_3|zona_bajada_4|paradero_subida_1|paradero_subida_2|paradero_subida_3|paradero_subida_4|paradero_bajada_1|paradero_bajada_2|paradero_bajada_3|paradero_bajada_4|mediahora_bajada_1|mediahora_bajada_2|mediahora_bajada_3|mediahora_bajada_4|periodo_bajada_1|periodo_bajada_2|periodo_bajada_3|periodo_bajada_4|id_tarjeta|id_viaje|netapassinbajada|ultimaetapaconbajada|contrato|mediahora_inicio_viaje_hora|mediahora_fin_viaje_hora|op_1era_etapa|op_2da_etapa|op_3era_etapa|op_4ta_etapa|dt1|dveh_ruta1|dveh_euc1|dt2|dveh_ruta2|dveh_euc2|dt3|dveh_ruta3|dveh_euc3|dveh_ruta4|dveh_euc4|dtfinal|dveh_rutafinal|dveh_eucfinal|tipo_corte_etapa_viaje|proposito|entrada|te0|tv1|tc1|te1|tv2|tc2|te2|tv3|tc3|te3|tv4|egreso|tviaje2,header_ok,
2024-11-07,viajes,viajes/2024-11-07.viajes.csv,1518916111,2024-12-11T22:26:49+00:00,|,101,100,1,d4a367dc7abf3e5f66d17c0394b3602e3c62eb6e09e49d47884c3ea8b6162b27,tipodia|factor_expansion|n_etapas|tviaje|distancia_eucl|distancia_ruta|tiempo_inicio_viaje|tiempo_fin_viaje|mediahora_inicio_viaje|mediahora_fin_viaje|periodo_inicio_viaje|periodo_fin_viaje|tipo_transporte_1|tipo_transporte_2|tipo_transporte_3|tipo_transporte_4|srv_1|srv_2|srv_3|srv_4|paradero_inicio_viaje|paradero_fin_viaje|comuna_inicio_viaje|comuna_fin_viaje|zona_inicio_viaje|zona_fin_viaje|modos|tiempo_subida_1|tiempo_subida_2|tiempo_subida_3|tiempo_subida_4|tiempo_bajada_1|tiempo_bajada_2|tiempo_bajada_3|tiempo_bajada_4|zona_subida_1|zona_subida_2|zona_subida_3|zona_subida_4|zona_bajada_1|zona_bajada_2|zona_bajada_3|zona_bajada_4|paradero_subida_1|paradero_subida_2|paradero_subida_3|paradero_subida_4|paradero_bajada_1|paradero_bajada_2|paradero_bajada_3|paradero_bajada_4|mediahora_bajada_1|mediahora_bajada_2|mediahora_bajada_3|mediahora_bajada_4|periodo_bajada_1|periodo_bajada_2|periodo_bajada_3|periodo_bajada_4|id_tarjeta|id_viaje|netapassinbajada|ultimaetapaconbajada|contrato|mediahora_inicio_viaje_hora|mediahora_fin_viaje_hora|op_1era_etapa|op_2da_etapa|op_3era_etapa|op_4ta_etapa|dt1|dveh_ruta1|dveh_euc1|dt2|dveh_ruta2|dveh_euc2|dt3|dveh_ruta3|dveh_euc3|dveh_ruta4|dveh_euc4|dtfinal|dveh_rutafinal|dveh_eucfinal|tipo_corte_etapa_viaje|proposito|entrada|te0|tv1|tc1|te1|tv2|tc2|te2|tv3|tc3|te3|tv4|egreso|tviaje2,header_ok,
2024-11-08,viajes,viajes/2024-11-08.viajes.csv,1492285276,2024-12-11T20:24:41+00:00,|,101,100,1,d4a367dc7abf3e5f66d17c0394b3602e3c62eb6e09e49d47884c3ea8b6162b27,tipodia|factor_expansion|n_etapas|tviaje|distancia_eucl|distancia_ruta|tiempo_inicio_viaje|tiempo_fin_viaje|mediahora_inicio_viaje|mediahora_fin_viaje|periodo_inicio_viaje|periodo_fin_viaje|tipo_transporte_1|tipo_transporte_2|tipo_transporte_3|tipo_transporte_4|srv_1|srv_2|srv_3|srv_4|paradero_inicio_viaje|paradero_fin_viaje|comuna_inicio_viaje|comuna_fin_viaje|zona_inicio_viaje|zona_fin_viaje|modos|tiempo_subida_1|tiempo_subida_2|tiempo_subida_3|tiempo_subida_4|tiempo_bajada_1|tiempo_bajada_2|tiempo_bajada_3|tiempo_bajada_4|zona_subida_1|zona_subida_2|zona_subida_3|zona_subida_4|zona_bajada_1|zona_bajada_2|zona_bajada_3|zona_bajada_4|paradero_subida_1|paradero_subida_2|paradero_subida_3|paradero_subida_4|paradero_bajada_1|paradero_bajada_2|paradero_bajada_3|paradero_bajada_4|mediahora_bajada_1|mediahora_bajada_2|mediahora_bajada_3|mediahora_bajada_4|periodo_bajada_1|periodo_bajada_2|periodo_bajada_3|periodo_bajada_4|id_tarjeta|id_viaje|netapassinbajada|ultimaetapaconbajada|contrato|mediahora_inicio_viaje_hora|mediahora_fin_viaje_hora|op_1era_etapa|op_2da_etapa|op_3era_etapa|op_4ta_etapa|dt1|dveh_ruta1|dveh_euc1|dt2|dveh_ruta2|dveh_euc2|dt3|dveh_ruta3|dveh_euc3|dveh_ruta4|dveh_euc4|dtfinal|dveh_rutafinal|dveh_eucfinal|tipo_corte_etapa_viaje|proposito|entrada|te0|tv1|tc1|te1|tv2|tc2|te2|tv3|tc3|te3|tv4|egreso|tviaje2,header_ok,
2024-11-09,viajes,viajes/2024-11-09.viajes.csv,825206203,2024-12-11T22:49:29+00:00,|,101,100,1,d4a367dc7abf3e5f66d17c0394b3602e3c62eb6e09e49d47884c3ea8b6162b27,tipodia|factor_expansion|n_etapas|tviaje|distancia_eucl|distancia_ruta|tiempo_inicio_viaje|tiempo_fin_viaje|mediahora_inicio_viaje|mediahora_fin_viaje|periodo_inicio_viaje|periodo_fin_viaje|tipo_transporte_1|tipo_transporte_2|tipo_transporte_3|tipo_transporte_4|srv_1|srv_2|srv_3|srv_4|paradero_inicio_viaje|paradero_fin_viaje|comuna_inicio_viaje|comuna_fin_viaje|zona_inicio_viaje|zona_fin_viaje|modos|tiempo_subida_1|tiempo_subida_2|tiempo_subida_3|tiempo_subida_4|tiempo_bajada_1|tiempo_bajada_2|tiempo_bajada_3|tiempo_bajada_4|zona_subida_1|zona_subida_2|zona_subida_3|zona_subida_4|zona_bajada_1|zona_bajada_2|zona_bajada_3|zona_bajada_4|paradero_subida_1|paradero_subida_2|paradero_subida_3|paradero_subida_4|paradero_bajada_1|paradero_bajada_2|paradero_bajada_3|paradero_bajada_4|mediahora_bajada_1|mediahora_bajada_2|mediahora_bajada_3|mediahora_bajada_4|periodo_bajada_1|periodo_bajada_2|periodo_bajada_3|periodo_bajada_4|id_tarjeta|id_viaje|netapassinbajada|ultimaetapaconbajada|contrato|mediahora_inicio_viaje_hora|mediahora_fin_viaje_hora|op_1era_etapa|op_2da_etapa|op_3era_etapa|op_4ta_etapa|dt1|dveh_ruta1|dveh_euc1|dt2|dveh_ruta2|dveh_euc2|dt3|dveh_ruta3|dveh_euc3|dveh_ruta4|dveh_euc4|dtfinal|dveh_rutafinal|dveh_eucfinal|tipo_corte_etapa_viaje|proposito|entrada|te0|tv1|tc1|te1|tv2|tc2|te2|tv3|tc3|te3|tv4|egreso|tviaje2,header_ok,
2024-11-10,viajes,viajes/2024-11-10.viajes.csv,463085216,2024-12-11T15:31:16+00:00,|,101,100,1,d4a367dc7abf3e5f66d17c0394b3602e3c62eb6e09e49d47884c3ea8b6162b27,tipodia|factor_expansion|n_etapas|tviaje|distancia_eucl|distancia_ruta|tiempo_inicio_viaje|tiempo_fin_viaje|mediahora_inicio_viaje|mediahora_fin_viaje|periodo_inicio_viaje|periodo_fin_viaje|tipo_transporte_1|tipo_transporte_2|tipo_transporte_3|tipo_transporte_4|srv_1|srv_2|srv_3|srv_4|paradero_inicio_viaje|paradero_fin_viaje|comuna_inicio_viaje|comuna_fin_viaje|zona_inicio_viaje|zona_fin_viaje|modos|tiempo_subida_1|tiempo_subida_2|tiempo_subida_3|tiempo_subida_4|tiempo_bajada_1|tiempo_bajada_2|tiempo_bajada_3|tiempo_bajada_4|zona_subida_1|zona_subida_2|zona_subida_3|zona_subida_4|zona_bajada_1|zona_bajada_2|zona_bajada_3|zona_bajada_4|paradero_subida_1|paradero_subida_2|paradero_subida_3|paradero_subida_4|paradero_bajada_1|paradero_bajada_2|paradero_bajada_3|paradero_bajada_4|mediahora_bajada_1|mediahora_bajada_2|mediahora_bajada_3|mediahora_bajada_4|periodo_bajada_1|periodo_bajada_2|periodo_bajada_3|periodo_bajada_4|id_tarjeta|id_viaje|netapassinbajada|ultimaetapaconbajada|contrato|mediahora_inicio_viaje_hora|mediahora_fin_viaje_hora|op_1era_etapa|op_2da_etapa|op_3era_etapa|op_4ta_etapa|dt1|dveh_ruta1|dveh_euc1|dt2|dveh_ruta2|dveh_euc2|dt3|dveh_ruta3|dveh_euc3|dveh_ruta4|dveh_euc4|dtfinal|dveh_rutafinal|dveh_eucfinal|tipo_corte_etapa_viaje|proposito|entrada|te0|tv1|tc1|te1|tv2|tc2|te2|tv3|tc3|te3|tv4|egreso|tviaje2,header_ok,
2024-11-11,viajes,viajes/2024-11-11.viajes.csv,1456504002,2024-12-11T16:03:40+00:00,|,101,100,1,d4a367dc7abf3e5f66d17c0394b3602e3c62eb6e09e49d47884c3ea8b6162b27,tipodia|factor_expansion|n_etapas|tviaje|distancia_eucl|distancia_ruta|tiempo_inicio_viaje|tiempo_fin_viaje|mediahora_inicio_viaje|mediahora_fin_viaje|periodo_inicio_viaje|periodo_fin_viaje|tipo_transporte_1|tipo_transporte_2|tipo_transporte_3|tipo_transporte_4|srv_1|srv_2|srv_3|srv_4|paradero_inicio_viaje|paradero_fin_viaje|comuna_inicio_viaje|comuna_fin_viaje|zona_inicio_viaje|zona_fin_viaje|modos|tiempo_subida_1|tiempo_subida_2|tiempo_subida_3|tiempo_subida_4|tiempo_bajada_1|tiempo_bajada_2|tiempo_bajada_3|tiempo_bajada_4|zona_subida_1|zona_subida_2|zona_subida_3|zona_subida_4|zona_bajada_1|zona_bajada_2|zona_bajada_3|zona_bajada_4|paradero_subida_1|paradero_subida_2|paradero_subida_3|paradero_subida_4|paradero_bajada_1|paradero_bajada_2|paradero_bajada_3|paradero_bajada_4|mediahora_bajada_1|mediahora_bajada_2|mediahora_bajada_3|mediahora_bajada_4|periodo_bajada_1|periodo_bajada_2|periodo_bajada_3|periodo_bajada_4|id_tarjeta|id_viaje|netapassinbajada|ultimaetapaconbajada|contrato|mediahora_inicio_viaje_hora|mediahora_fin_viaje_hora|op_1era_etapa|op_2da_etapa|op_3era_etapa|op_4ta_etapa|dt1|dveh_ruta1|dveh_euc1|dt2|dveh_ruta2|dveh_euc2|dt3|dveh_ruta3|dveh_euc3|dveh_ruta4|dveh_euc4|dtfinal|dveh_rutafinal|dveh_eucfinal|tipo_corte_etapa_viaje|proposito|entrada|te0|tv1|tc1|te1|tv2|tc2|te2|tv3|tc3|te3|tv4|egreso|tviaje2,header_ok,
2024-11-12,viajes,viajes/2024-11-12.viajes.csv,1459708693,2024-12-11T16:37:44+00:00,|,101,100,1,d4a367dc7abf3e5f66d17c0394b3602e3c62eb6e09e49d47884c3ea8b6162b27,tipodia|factor_expansion|n_etapas|tviaje|distancia_eucl|distancia_ruta|tiempo_inicio_viaje|tiempo_fin_viaje|mediahora_inicio_viaje|mediahora_fin_viaje|periodo_inicio_viaje|periodo_fin_viaje|tipo_transporte_1|tipo_transporte_2|tipo_transporte_3|tipo_transporte_4|srv_1|srv_2|srv_3|srv_4|paradero_inicio_viaje|paradero_fin_viaje|comuna_inicio_viaje|comuna_fin_viaje|zona_inicio_viaje|zona_fin_viaje|modos|tiempo_subida_1|tiempo_subida_2|tiempo_subida_3|tiempo_subida_4|tiempo_bajada_1|tiempo_bajada_2|tiempo_bajada_3|tiempo_bajada_4|zona_subida_1|zona_subida_2|zona_subida_3|zona_subida_4|zona_bajada_1|zona_bajada_2|zona_bajada_3|zona_bajada_4|paradero_subida_1|paradero_subida_2|paradero_subida_3|paradero_subida_4|paradero_bajada_1|paradero_bajada_2|paradero_bajada_3|paradero_bajada_4|mediahora_bajada_1|mediahora_bajada_2|mediahora_bajada_3|mediahora_bajada_4|periodo_bajada_1|periodo_bajada_2|periodo_bajada_3|periodo_bajada_4|id_tarjeta|id_viaje|netapassinbajada|ultimaetapaconbajada|contrato|mediahora_inicio_viaje_hora|mediahora_fin_viaje_hora|op_1era_etapa|op_2da_etapa|op_3era_etapa|op_4ta_etapa|dt1|dveh_ruta1|dveh_euc1|dt2|dveh_ruta2|dveh_euc2|dt3|dveh_ruta3|dveh_euc3|dveh_ruta4|dveh_euc4|dtfinal|dveh_rutafinal|dveh_eucfinal|tipo_corte_etapa_viaje|proposito|entrada|te0|tv1|tc1|te1|tv2|tc2|te2|tv3|tc3|te3|tv4|egreso|tviaje2,header_ok,
2024-11-13,viajes,viajes/2024-11-13.viajes.csv,1488455983,2024-12-11T17:11:32+00:00,|,101,100,1,d4a367dc7abf3e5f66d17c0394b3602e3c62eb6e09e49d47884c3ea8b6162b27,tipodia|factor_expansion|n_etapas|tviaje|distancia_eucl|distancia_ruta|tiempo_inicio_viaje|tiempo_fin_viaje|mediahora_inicio_viaje|mediahora_fin_viaje|periodo_inicio_viaje|periodo_fin_viaje|tipo_transporte_1|tipo_transporte_2|tipo_transporte_3|tipo_transporte_4|srv_1|srv_2|srv_3|srv_4|paradero_inicio_viaje|paradero_fin_viaje|comuna_inicio_viaje|comuna_fin_viaje|zona_inicio_viaje|zona_fin_viaje|modos|tiempo_subida_1|tiempo_subida_2|tiempo_subida_3|tiempo_subida_4|tiempo_bajada_1|tiempo_bajada_2|tiempo_bajada_3|tiempo_bajada_4|zona_subida_1|zona_subida_2|zona_subida_3|zona_subida_4|zona_bajada_1|zona_bajada_2|zona_bajada_3|zona_bajada_4|paradero_subida_1|paradero_subida_2|paradero_subida_3|paradero_subida_4|paradero_bajada_1|paradero_bajada_2|paradero_bajada_3|paradero_bajada_4|mediahora_bajada_1|mediahora_bajada_2|mediahora_bajada_3|mediahora_bajada_4|periodo_bajada_1|periodo_bajada_2|periodo_bajada_3|periodo_bajada_4|id_tarjeta|id_viaje|netapassinbajada|ultimaetapaconbajada|contrato|mediahora_inicio_viaje_hora|mediahora_fin_viaje_hora|op_1era_etapa|op_2da_etapa|op_3era_etapa|op_4ta_etapa|dt1|dveh_ruta1|dveh_euc1|dt2|dveh_ruta2|dveh_euc2|dt3|dveh_ruta3|dveh_euc3|dveh_ruta4|dveh_euc4|dtfinal|dveh_rutafinal|dveh_eucfinal|tipo_corte_etapa_viaje|proposito|entrada|te0|tv1|tc1|te1|tv2|tc2|te2|tv3|tc3|te3|tv4|egreso|tviaje2,header_ok,
2024-11-14,viajes,viajes/2024-11-14.viajes.csv,1505152168,2024-12-11T17:46:06+00:00,|,101,100,1,d4a367dc7abf3e5f66d17c0394b3602e3c62eb6e09e49d47884c3ea8b6162b27,tipodia|factor_expansion|n_etapas|tviaje|distancia_eucl|distancia_ruta|tiempo_inicio_viaje|tiempo_fin_viaje|mediahora_inicio_viaje|mediahora_fin_viaje|periodo_inicio_viaje|periodo_fin_viaje|tipo_transporte_1|tipo_transporte_2|tipo_transporte_3|tipo_transporte_4|srv_1|srv_2|srv_3|srv_4|paradero_inicio_viaje|paradero_fin_viaje|comuna_inicio_viaje|comuna_fin_viaje|zona_inicio_viaje|zona_fin_viaje|modos|tiempo_subida_1|tiempo_subida_2|tiempo_subida_3|tiempo_subida_4|tiempo_bajada_1|tiempo_bajada_2|tiempo_bajada_3|tiempo_bajada_4|zona_subida_1|zona_subida_2|zona_subida_3|zona_subida_4|zona_bajada_1|zona_bajada_2|zona_bajada_3|zona_bajada_4|paradero_subida_1|paradero_subida_2|paradero_subida_3|paradero_subida_4|paradero_bajada_1|paradero_bajada_2|paradero_bajada_3|paradero_bajada_4|mediahora_bajada_1|mediahora_bajada_2|mediahora_bajada_3|mediahora_bajada_4|periodo_bajada_1|periodo_bajada_2|periodo_bajada_3|periodo_bajada_4|id_tarjeta|id_viaje|netapassinbajada|ultimaetapaconbajada|contrato|mediahora_inicio_viaje_hora|mediahora_fin_viaje_hora|op_1era_etapa|op_2da_etapa|op_3era_etapa|op_4ta_etapa|dt1|dveh_ruta1|dveh_euc1|dt2|dveh_ruta2|dveh_euc2|dt3|dveh_ruta3|dveh_euc3|dveh_ruta4|dveh_euc4|dtfinal|dveh_rutafinal|dveh_eucfinal|tipo_corte_etapa_viaje|proposito|entrada|te0|tv1|tc1|te1|tv2|tc2|te2|tv3|tc3|te3|tv4|egreso|tviaje2,header_ok,
2024-11-15,viajes,viajes/2024-11-15.viajes.csv,1485650547,2024-12-11T15:25:38+00:00,|,101,100,1,d4a367dc7abf3e5f66d17c0394b3602e3c62eb6e09e49d47884c3ea8b6162b27,tipodia|factor_expansion|n_etapas|tviaje|distancia_eucl|distancia_ruta|tiempo_inicio_viaje|tiempo_fin_viaje|mediahora_inicio_viaje|mediahora_fin_viaje|periodo_inicio_viaje|periodo_fin_viaje|tipo_transporte_1|tipo_transporte_2|tipo_transporte_3|tipo_transporte_4|srv_1|srv_2|srv_3|srv_4|paradero_inicio_viaje|paradero_fin_viaje|comuna_inicio_viaje|comuna_fin_viaje|zona_inicio_viaje|zona_fin_viaje|modos|tiempo_subida_1|tiempo_subida_2|tiempo_subida_3|tiempo_subida_4|tiempo_bajada_1|tiempo_bajada_2|tiempo_bajada_3|tiempo_bajada_4|zona_subida_1|zona_subida_2|zona_subida_3|zona_subida_4|zona_bajada_1|zona_bajada_2|zona_bajada_3|zona_bajada_4|paradero_subida_1|paradero_subida_2|paradero_subida_3|paradero_subida_4|paradero_bajada_1|paradero_bajada_2|paradero_bajada_3|paradero_bajada_4|mediahora_bajada_1|mediahora_bajada_2|mediahora_bajada_3|mediahora_bajada_4|periodo_bajada_1|periodo_bajada_2|periodo_bajada_3|periodo_bajada_4|id_tarjeta|id_viaje|netapassinbajada|ultimaetapaconbajada|contrato|mediahora_inicio_viaje_hora|mediahora_fin_viaje_hora|op_1era_etapa|op_2da_etapa|op_3era_etapa|op_4ta_etapa|dt1|dveh_ruta1|dveh_euc1|dt2|dveh_ruta2|dveh_euc2|dt3|dveh_ruta3|dveh_euc3|dveh_ruta4|dveh_euc4|dtfinal|dveh_rutafinal|dveh_eucfinal|tipo_corte_etapa_viaje|proposito|entrada|te0|tv1|tc1|te1|tv2|tc2|te2|tv3|tc3|te3|tv4|egreso|tviaje2,header_ok,
2024-11-16,viajes,viajes/2024-11-16.viajes.csv,820947116,2024-12-11T15:46:35+00:00,|,101,100,1,d4a367dc7abf3e5f66d17c0394b3602e3c62eb6e09e49d47884c3ea8b6162b27,tipodia|factor_expansion|n_etapas|tviaje|distancia_eucl|distancia_ruta|tiempo_inicio_viaje|tiempo_fin_viaje|mediahora_inicio_viaje|mediahora_fin_viaje|periodo_inicio_viaje|periodo_fin_viaje|tipo_transporte_1|tipo_transporte_2|tipo_transporte_3|tipo_transporte_4|srv_1|srv_2|srv_3|srv_4|paradero_inicio_viaje|paradero_fin_viaje|comuna_inicio_viaje|comuna_fin_viaje|zona_inicio_viaje|zona_fin_viaje|modos|tiempo_subida_1|tiempo_subida_2|tiempo_subida_3|tiempo_subida_4|tiempo_bajada_1|tiempo_bajada_2|tiempo_bajada_3|tiempo_bajada_4|zona_subida_1|zona_subida_2|zona_subida_3|zona_subida_4|zona_bajada_1|zona_bajada_2|zona_bajada_3|zona_bajada_4|paradero_subida_1|paradero_subida_2|paradero_subida_3|paradero_subida_4|paradero_bajada_1|paradero_bajada_2|paradero_bajada_3|paradero_bajada_4|mediahora_bajada_1|mediahora_bajada_2|mediahora_bajada_3|mediahora_bajada_4|periodo_bajada_1|periodo_bajada_2|periodo_bajada_3|periodo_bajada_4|id_tarjeta|id_viaje|netapassinbajada|ultimaetapaconbajada|contrato|mediahora_inicio_viaje_hora|mediahora_fin_viaje_hora|op_1era_etapa|op_2da_etapa|op_3era_etapa|op_4ta_etapa|dt1|dveh_ruta1|dveh_euc1|dt2|dveh_ruta2|dveh_euc2|dt3|dveh_ruta3|dveh_euc3|dveh_ruta4|dveh_euc4|dtfinal|dveh_rutafinal|dveh_eucfinal|tipo_corte_etapa_viaje|proposito|entrada|te0|tv1|tc1|te1|tv2|tc2|te2|tv3|tc3|te3|tv4|egreso|tviaje2,header_ok,
2024-11-17,viajes,viajes/2024-11-17.viajes.csv,470068714,2024-12-11T15:58:39+00:00,|,101,100,1,d4a367dc7abf3e5f66d17c0394b3602e3c62eb6e09e49d47884c3ea8b6162b27,tipodia|factor_expansion|n_etapas|tviaje|distancia_eucl|distancia_ruta|tiempo_inicio_viaje|tiempo_fin_viaje|mediahora_inicio_viaje|mediahora_fin_viaje|periodo_inicio_viaje|periodo_fin_viaje|tipo_transporte_1|tipo_transporte_2|tipo_transporte_3|tipo_transporte_4|srv_1|srv_2|srv_3|srv_4|paradero_inicio_viaje|paradero_fin_viaje|comuna_inicio_viaje|comuna_fin_viaje|zona_inicio_viaje|zona_fin_viaje|modos|tiempo_subida_1|tiempo_subida_2|tiempo_subida_3|tiempo_subida_4|tiempo_bajada_1|tiempo_bajada_2|tiempo_bajada_3|tiempo_bajada_4|zona_subida_1|zona_subida_2|zona_subida_3|zona_subida_4|zona_bajada_1|zona_bajada_2|zona_bajada_3|zona_bajada_4|paradero_subida_1|paradero_subida_2|paradero_subida_3|paradero_subida_4|paradero_bajada_1|paradero_bajada_2|paradero_bajada_3|paradero_bajada_4|mediahora_bajada_1|mediahora_bajada_2|mediahora_bajada_3|mediahora_bajada_4|periodo_bajada_1|periodo_bajada_2|periodo_bajada_3|periodo_bajada_4|id_tarjeta|id_viaje|netapassinbajada|ultimaetapaconbajada|contrato|mediahora_inicio_viaje_hora|mediahora_fin_viaje_hora|op_1era_etapa|op_2da_etapa|op_3era_etapa|op_4ta_etapa|dt1|dveh_ruta1|dveh_euc1|dt2|dveh_ruta2|dveh_euc2|dt3|dveh_ruta3|dveh_euc3|dveh_ruta4|dveh_euc4|dtfinal|dveh_rutafinal|dveh_eucfinal|tipo_corte_etapa_viaje|proposito|entrada|te0|tv1|tc1|te1|tv2|tc2|te2|tv3|tc3|te3|tv4|egreso|tviaje2,header_ok,
2024-11-18,viajes,viajes/2024-11-18.viajes.csv,1472655024,2024-12-11T16:30:42+00:00,|,101,100,1,d4a367dc7abf3e5f66d17c0394b3602e3c62eb6e09e49d47884c3ea8b6162b27,tipodia|factor_expansion|n_etapas|tviaje|distancia_eucl|distancia_ruta|tiempo_inicio_viaje|tiempo_fin_viaje|mediahora_inicio_viaje|mediahora_fin_viaje|periodo_inicio_viaje|periodo_fin_viaje|tipo_transporte_1|tipo_transporte_2|tipo_transporte_3|tipo_transporte_4|srv_1|srv_2|srv_3|srv_4|paradero_inicio_viaje|paradero_fin_viaje|comuna_inicio_viaje|comuna_fin_viaje|zona_inicio_viaje|zona_fin_viaje|modos|tiempo_subida_1|tiempo_subida_2|tiempo_subida_3|tiempo_subida_4|tiempo_bajada_1|tiempo_bajada_2|tiempo_bajada_3|tiempo_bajada_4|zona_subida_1|zona_subida_2|zona_subida_3|zona_subida_4|zona_bajada_1|zona_bajada_2|zona_bajada_3|zona_bajada_4|paradero_subida_1|paradero_subida_2|paradero_subida_3|paradero_subida_4|paradero_bajada_1|paradero_bajada_2|paradero_bajada_3|paradero_bajada_4|mediahora_bajada_1|mediahora_bajada_2|mediahora_bajada_3|mediahora_bajada_4|periodo_bajada_1|periodo_bajada_2|periodo_bajada_3|periodo_bajada_4|id_tarjeta|id_viaje|netapassinbajada|ultimaetapaconbajada|contrato|mediahora_inicio_viaje_hora|mediahora_fin_viaje_hora|op_1era_etapa|op_2da_etapa|op_3era_etapa|op_4ta_etapa|dt1|dveh_ruta1|dveh_euc1|dt2|dveh_ruta2|dveh_euc2|dt3|dveh_ruta3|dveh_euc3|dveh_ruta4|dveh_euc4|dtfinal|dveh_rutafinal|dveh_eucfinal|tipo_corte_etapa_viaje|proposito|entrada|te0|tv1|tc1|te1|tv2|tc2|te2|tv3|tc3|te3|tv4|egreso|tviaje2,header_ok,
2024-11-19,viajes,viajes/2024-11-19.viajes.csv,1501409437,2024-12-11T17:05:04+00:00,|,101,100,1,d4a367dc7abf3e5f66d17c0394b3602e3c62eb6e09e49d47884c3ea8b6162b27,tipodia|factor_expansion|n_etapas|tviaje|distancia_eucl|distancia_ruta|tiempo_inicio_viaje|tiempo_fin_viaje|mediahora_inicio_viaje|mediahora_fin_viaje|periodo_inicio_viaje|periodo_fin_viaje|tipo_transporte_1|tipo_transporte_2|tipo_transporte_3|tipo_transporte_4|srv_1|srv_2|srv_3|srv_4|paradero_inicio_viaje|paradero_fin_viaje|comuna_inicio_viaje|comuna_fin_viaje|zona_inicio_viaje|zona_fin_viaje|modos|tiempo_subida_1|tiempo_subida_2|tiempo_subida_3|tiempo_subida_4|tiempo_bajada_1|tiempo_bajada_2|tiempo_bajada_3|tiempo_bajada_4|zona_subida_1|zona_subida_2|zona_subida_3|zona_subida_4|zona_bajada_1|zona_bajada_2|zona_bajada_3|zona_bajada_4|paradero_subida_1|paradero_subida_2|paradero_subida_3|paradero_subida_4|paradero_bajada_1|paradero_bajada_2|paradero_bajada_3|paradero_bajada_4|mediahora_bajada_1|mediahora_bajada_2|mediahora_bajada_3|mediahora_bajada_4|periodo_bajada_1|periodo_bajada_2|periodo_bajada_3|periodo_bajada_4|id_tarjeta|id_viaje|netapassinbajada|ultimaetapaconbajada|contrato|mediahora_inicio_viaje_hora|mediahora_fin_viaje_hora|op_1era_etapa|op_2da_etapa|op_3era_etapa|op_4ta_etapa|dt1|dveh_ruta1|dveh_euc1|dt2|dveh_ruta2|dveh_euc2|dt3|dveh_ruta3|dveh_euc3|dveh_ruta4|dveh_euc4|dtfinal|dveh_rutafinal|dveh_eucfinal|tipo_corte_etapa_viaje|proposito|entrada|te0|tv1|tc1|te1|tv2|tc2|te2|tv3|tc3|te3|tv4|egreso|tviaje2,header_ok,
2024-11-20,viajes,viajes/2024-11-20.viajes.csv,1513466765,2024-12-11T17:39:48+00:00,|,101,100,1,d4a367dc7abf3e5f66d17c0394b3602e3c62eb6e09e49d47884c3ea8b6162b27,tipodia|factor_expansion|n_etapas|tviaje|distancia_eucl|distancia_ruta|tiempo_inicio_viaje|tiempo_fin_viaje|mediahora_inicio_viaje|mediahora_fin_viaje|periodo_inicio_viaje|periodo_fin_viaje|tipo_transporte_1|tipo_transporte_2|tipo_transporte_3|tipo_transporte_4|srv_1|srv_2|srv_3|srv_4|paradero_inicio_viaje|paradero_fin_viaje|comuna_inicio_viaje|comuna_fin_viaje|zona_inicio_viaje|zona_fin_viaje|modos|tiempo_subida_1|tiempo_subida_2|tiempo_subida_3|tiempo_subida_4|tiempo_bajada_1|tiempo_bajada_2|tiempo_bajada_3|tiempo_bajada_4|zona_subida_1|zona_subida_2|zona_subida_3|zona_subida_4|zona_bajada_1|zona_bajada_2|zona_bajada_3|zona_bajada_4|paradero_subida_1|paradero_subida_2|paradero_subida_3|paradero_subida_4|paradero_bajada_1|paradero_bajada_2|paradero_bajada_3|paradero_bajada_4|mediahora_bajada_1|mediahora_bajada_2|mediahora_bajada_3|mediahora_bajada_4|periodo_bajada_1|periodo_bajada_2|periodo_bajada_3|periodo_bajada_4|id_tarjeta|id_viaje|netapassinbajada|ultimaetapaconbajada|contrato|mediahora_inicio_viaje_hora|mediahora_fin_viaje_hora|op_1era_etapa|op_2da_etapa|op_3era_etapa|op_4ta_etapa|dt1|dveh_ruta1|dveh_euc1|dt2|dveh_ruta2|dveh_euc2|dt3|dveh_ruta3|dveh_euc3|dveh_ruta4|dveh_euc4|dtfinal|dveh_rutafinal|dveh_eucfinal|tipo_corte_etapa_viaje|proposito|entrada|te0|tv1|tc1|te1|tv2|tc2|te2|tv3|tc3|te3|tv4|egreso|tviaje2,header_ok,
2024-11-21,viajes,viajes/2024-11-21.viajes.csv,1487057485,2024-12-11T18:12:11+00:00,|,101,100,1,d4a367dc7abf3e5f66d17c0394b3602e3c62eb6e09e49d47884c3ea8b6162b27,tipodia|factor_expansion|n_etapas|tviaje|distancia_eucl|distancia_ruta|tiempo_inicio_viaje|tiempo_fin_viaje|mediahora_inicio_viaje|mediahora_fin_viaje|periodo_inicio_viaje|periodo_fin_viaje|tipo_transporte_1|tipo_transporte_2|tipo_transporte_3|tipo_transporte_4|srv_1|srv_2|srv_3|srv_4|paradero_inicio_viaje|paradero_fin_viaje|comuna_inicio_viaje|comuna_fin_viaje|zona_inicio_viaje|zona_fin_viaje|modos|tiempo_subida_1|tiempo_subida_2|tiempo_subida_3|tiempo_subida_4|tiempo_bajada_1|tiempo_bajada_2|tiempo_bajada_3|tiempo_bajada_4|zona_subida_1|zona_subida_2|zona_subida_3|zona_subida_4|zona_bajada_1|zona_bajada_2|zona_bajada_3|zona_bajada_4|paradero_subida_1|paradero_subida_2|paradero_subida_3|paradero_subida_4|paradero_bajada_1|paradero_bajada_2|paradero_bajada_3|paradero_bajada_4|mediahora_bajada_1|mediahora_bajada_2|mediahora_bajada_3|mediahora_bajada_4|periodo_bajada_1|periodo_bajada_2|periodo_bajada_3|periodo_bajada_4|id_tarjeta|id_viaje|netapassinbajada|ultimaetapaconbajada|contrato|mediahora_inicio_viaje_hora|mediahora_fin_viaje_hora|op_1era_etapa|op_2da_etapa|op_3era_etapa|op_4ta_etapa|dt1|dveh_ruta1|dveh_euc1|dt2|dveh_ruta2|dveh_euc2|dt3|dveh_ruta3|dveh_euc3|dveh_ruta4|dveh_euc4|dtfinal|dveh_rutafinal|dveh_eucfinal|tipo_corte_etapa_viaje|proposito|entrada|te0|tv1|tc1|te1|tv2|tc2|te2|tv3|tc3|te3|tv4|egreso|tviaje2,header_ok,
2024-11-22,viajes,viajes/2024-11-22.viajes.csv,1450924269,2024-12-11T15:26:23+00:00,|,101,100,1,d4a367dc7abf3e5f66d17c0394b3602e3c62eb6e09e49d47884c3ea8b6162b27,tipodia|factor_expansion|n_etapas|tviaje|distancia_eucl|distancia_ruta|tiempo_inicio_viaje|tiempo_fin_viaje|mediahora_inicio_viaje|mediahora_fin_viaje|periodo_inicio_viaje|periodo_fin_viaje|tipo_transporte_1|tipo_transporte_2|tipo_transporte_3|tipo_transporte_4|srv_1|srv_2|srv_3|srv_4|paradero_inicio_viaje|paradero_fin_viaje|comuna_inicio_viaje|comuna_fin_viaje|zona_inicio_viaje|zona_fin_viaje|modos|tiempo_subida_1|tiempo_subida_2|tiempo_subida_3|tiempo_subida_4|tiempo_bajada_1|tiempo_bajada_2|tiempo_bajada_3|tiempo_bajada_4|zona_subida_1|zona_subida_2|zona_subida_3|zona_subida_4|zona_bajada_1|zona_bajada_2|zona_bajada_3|zona_bajada_4|paradero_subida_1|paradero_subida_2|paradero_subida_3|paradero_subida_4|paradero_bajada_1|paradero_bajada_2|paradero_bajada_3|paradero_bajada_4|mediahora_bajada_1|mediahora_bajada_2|mediahora_bajada_3|mediahora_bajada_4|periodo_bajada_1|periodo_bajada_2|periodo_bajada_3|periodo_bajada_4|id_tarjeta|id_viaje|netapassinbajada|ultimaetapaconbajada|contrato|mediahora_inicio_viaje_hora|mediahora_fin_viaje_hora|op_1era_etapa|op_2da_etapa|op_3era_etapa|op_4ta_etapa|dt1|dveh_ruta1|dveh_euc1|dt2|dveh_ruta2|dveh_euc2|dt3|dveh_ruta3|dveh_euc3|dveh_ruta4|dveh_euc4|dtfinal|dveh_rutafinal|dveh_eucfinal|tipo_corte_etapa_viaje|proposito|entrada|te0|tv1|tc1|te1|tv2|tc2|te2|tv3|tc3|te3|tv4|egreso|tviaje2,header_ok,
2024-11-23,viajes,viajes/2024-11-23.viajes.csv,788033703,2024-12-11T15:46:48+00:00,|,101,100,1,d4a367dc7abf3e5f66d17c0394b3602e3c62eb6e09e49d47884c3ea8b6162b27,tipodia|factor_expansion|n_etapas|tviaje|distancia_eucl|distancia_ruta|tiempo_inicio_viaje|tiempo_fin_viaje|mediahora_inicio_viaje|mediahora_fin_viaje|periodo_inicio_viaje|periodo_fin_viaje|tipo_transporte_1|tipo_transporte_2|tipo_transporte_3|tipo_transporte_4|srv_1|srv_2|srv_3|srv_4|paradero_inicio_viaje|paradero_fin_viaje|comuna_inicio_viaje|comuna_fin_viaje|zona_inicio_viaje|zona_fin_viaje|modos|tiempo_subida_1|tiempo_subida_2|tiempo_subida_3|tiempo_subida_4|tiempo_bajada_1|tiempo_bajada_2|tiempo_bajada_3|tiempo_bajada_4|zona_subida_1|zona_subida_2|zona_subida_3|zona_subida_4|zona_bajada_1|zona_bajada_2|zona_bajada_3|zona_bajada_4|paradero_subida_1|paradero_subida_2|paradero_subida_3|paradero_subida_4|paradero_bajada_1|paradero_bajada_2|paradero_bajada_3|paradero_bajada_4|mediahora_bajada_1|mediahora_bajada_2|mediahora_bajada_3|mediahora_bajada_4|periodo_bajada_1|periodo_bajada_2|periodo_bajada_3|periodo_bajada_4|id_tarjeta|id_viaje|netapassinbajada|ultimaetapaconbajada|contrato|mediahora_inicio_viaje_hora|mediahora_fin_viaje_hora|op_1era_etapa|op_2da_etapa|op_3era_etapa|op_4ta_etapa|dt1|dveh_ruta1|dveh_euc1|dt2|dveh_ruta2|dveh_euc2|dt3|dveh_ruta3|dveh_euc3|dveh_ruta4|dveh_euc4|dtfinal|dveh_rutafinal|dveh_eucfinal|tipo_corte_etapa_viaje|proposito|entrada|te0|tv1|tc1|te1|tv2|tc2|te2|tv3|tc3|te3|tv4|egreso|tviaje2,header_ok,
2024-11-24,viajes,viajes/2024-11-24.viajes.csv,617141452,2024-12-11T16:02:05+00:00,|,101,100,1,d4a367dc7abf3e5f66d17c0394b3602e3c62eb6e09e49d47884c3ea8b6162b27,tipodia|factor_expansion|n_etapas|tviaje|distancia_eucl|distancia_ruta|tiempo_inicio_viaje|tiempo_fin_viaje|mediahora_inicio_viaje|mediahora_fin_viaje|periodo_inicio_viaje|periodo_fin_viaje|tipo_transporte_1|tipo_transporte_2|tipo_transporte_3|tipo_transporte_4|srv_1|srv_2|srv_3|srv_4|paradero_inicio_viaje|paradero_fin_viaje|comuna_inicio_viaje|comuna_fin_viaje|zona_inicio_viaje|zona_fin_viaje|modos|tiempo_subida_1|tiempo_subida_2|tiempo_subida_3|tiempo_subida_4|tiempo_bajada_1|tiempo_bajada_2|tiempo_bajada_3|tiempo_bajada_4|zona_subida_1|zona_subida_2|zona_subida_3|zona_subida_4|zona_bajada_1|zona_bajada_2|zona_bajada_3|zona_bajada_4|paradero_subida_1|paradero_subida_2|paradero_subida_3|paradero_subida_4|paradero_bajada_1|paradero_bajada_2|paradero_bajada_3|paradero_bajada_4|mediahora_bajada_1|mediahora_bajada_2|mediahora_bajada_3|mediahora_bajada_4|periodo_bajada_1|periodo_bajada_2|periodo_bajada_3|periodo_bajada_4|id_tarjeta|id_viaje|netapassinbajada|ultimaetapaconbajada|contrato|mediahora_inicio_viaje_hora|mediahora_fin_viaje_hora|op_1era_etapa|op_2da_etapa|op_3era_etapa|op_4ta_etapa|dt1|dveh_ruta1|dveh_euc1|dt2|dveh_ruta2|dveh_euc2|dt3|dveh_ruta3|dveh_euc3|dveh_ruta4|dveh_euc4|dtfinal|dveh_rutafinal|dveh_eucfinal|tipo_corte_etapa_viaje|proposito|entrada|te0|tv1|tc1|te1|tv2|tc2|te2|tv3|tc3|te3|tv4|egreso|tviaje2,header_ok,
2024-11-25,viajes,viajes/2024-11-25.viajes.csv,1448555259,2024-12-11T16:33:28+00:00,|,101,100,1,d4a367dc7abf3e5f66d17c0394b3602e3c62eb6e09e49d47884c3ea8b6162b27,tipodia|factor_expansion|n_etapas|tviaje|distancia_eucl|distancia_ruta|tiempo_inicio_viaje|tiempo_fin_viaje|mediahora_inicio_viaje|mediahora_fin_viaje|periodo_inicio_viaje|periodo_fin_viaje|tipo_transporte_1|tipo_transporte_2|tipo_transporte_3|tipo_transporte_4|srv_1|srv_2|srv_3|srv_4|paradero_inicio_viaje|paradero_fin_viaje|comuna_inicio_viaje|comuna_fin_viaje|zona_inicio_viaje|zona_fin_viaje|modos|tiempo_subida_1|tiempo_subida_2|tiempo_subida_3|tiempo_subida_4|tiempo_bajada_1|tiempo_bajada_2|tiempo_bajada_3|tiempo_bajada_4|zona_subida_1|zona_subida_2|zona_subida_3|zona_subida_4|zona_bajada_1|zona_bajada_2|zona_bajada_3|zona_bajada_4|paradero_subida_1|paradero_subida_2|paradero_subida_3|paradero_subida_4|paradero_bajada_1|paradero_bajada_2|paradero_bajada_3|paradero_bajada_4|mediahora_bajada_1|mediahora_bajada_2|mediahora_bajada_3|mediahora_bajada_4|periodo_bajada_1|periodo_bajada_2|periodo_bajada_3|periodo_bajada_4|id_tarjeta|id_viaje|netapassinbajada|ultimaetapaconbajada|contrato|mediahora_inicio_viaje_hora|mediahora_fin_viaje_hora|op_1era_etapa|op_2da_etapa|op_3era_etapa|op_4ta_etapa|dt1|dveh_ruta1|dveh_euc1|dt2|dveh_ruta2|dveh_euc2|dt3|dveh_ruta3|dveh_euc3|dveh_ruta4|dveh_euc4|dtfinal|dveh_rutafinal|dveh_eucfinal|tipo_corte_etapa_viaje|proposito|entrada|te0|tv1|tc1|te1|tv2|tc2|te2|tv3|tc3|te3|tv4|egreso|tviaje2,header_ok,
2024-11-26,viajes,viajes/2024-11-26.viajes.csv,1484597208,2024-12-11T17:07:50+00:00,|,101,100,1,d4a367dc7abf3e5f66d17c0394b3602e3c62eb6e09e49d47884c3ea8b6162b27,tipodia|factor_expansion|n_etapas|tviaje|distancia_eucl|distancia_ruta|tiempo_inicio_viaje|tiempo_fin_viaje|mediahora_inicio_viaje|mediahora_fin_viaje|periodo_inicio_viaje|periodo_fin_viaje|tipo_transporte_1|tipo_transporte_2|tipo_transporte_3|tipo_transporte_4|srv_1|srv_2|srv_3|srv_4|paradero_inicio_viaje|paradero_fin_viaje|comuna_inicio_viaje|comuna_fin_viaje|zona_inicio_viaje|zona_fin_viaje|modos|tiempo_subida_1|tiempo_subida_2|tiempo_subida_3|tiempo_subida_4|tiempo_bajada_1|tiempo_bajada_2|tiempo_bajada_3|tiempo_bajada_4|zona_subida_1|zona_subida_2|zona_subida_3|zona_subida_4|zona_bajada_1|zona_bajada_2|zona_bajada_3|zona_bajada_4|paradero_subida_1|paradero_subida_2|paradero_subida_3|paradero_subida_4|paradero_bajada_1|paradero_bajada_2|paradero_bajada_3|paradero_bajada_4|mediahora_bajada_1|mediahora_bajada_2|mediahora_bajada_3|mediahora_bajada_4|periodo_bajada_1|periodo_bajada_2|periodo_bajada_3|periodo_bajada_4|id_tarjeta|id_viaje|netapassinbajada|ultimaetapaconbajada|contrato|mediahora_inicio_viaje_hora|mediahora_fin_viaje_hora|op_1era_etapa|op_2da_etapa|op_3era_etapa|op_4ta_etapa|dt1|dveh_ruta1|dveh_euc1|dt2|dveh_ruta2|dveh_euc2|dt3|dveh_ruta3|dveh_euc3|dveh_ruta4|dveh_euc4|dtfinal|dveh_rutafinal|dveh_eucfinal|tipo_corte_etapa_viaje|proposito|entrada|te0|tv1|tc1|te1|tv2|tc2|te2|tv3|tc3|te3|tv4|egreso|tviaje2,header_ok,
2024-11-27,viajes,viajes/2024-11-27.viajes.csv,1498519332,2024-12-11T17:42:10+00:00,|,101,100,1,d4a367dc7abf3e5f66d17c0394b3602e3c62eb6e09e49d47884c3ea8b6162b27,tipodia|factor_expansion|n_etapas|tviaje|distancia_eucl|distancia_ruta|tiempo_inicio_viaje|tiempo_fin_viaje|mediahora_inicio_viaje|mediahora_fin_viaje|periodo_inicio_viaje|periodo_fin_viaje|tipo_transporte_1|tipo_transporte_2|tipo_transporte_3|tipo_transporte_4|srv_1|srv_2|srv_3|srv_4|paradero_inicio_viaje|paradero_fin_viaje|comuna_inicio_viaje|comuna_fin_viaje|zona_inicio_viaje|zona_fin_viaje|modos|tiempo_subida_1|tiempo_subida_2|tiempo_subida_3|tiempo_subida_4|tiempo_bajada_1|tiempo_bajada_2|tiempo_bajada_3|tiempo_bajada_4|zona_subida_1|zona_subida_2|zona_subida_3|zona_subida_4|zona_bajada_1|zona_bajada_2|zona_bajada_3|zona_bajada_4|paradero_subida_1|paradero_subida_2|paradero_subida_3|paradero_subida_4|paradero_bajada_1|paradero_bajada_2|paradero_bajada_3|paradero_bajada_4|mediahora_bajada_1|mediahora_bajada_2|mediahora_bajada_3|mediahora_bajada_4|periodo_bajada_1|periodo_bajada_2|periodo_bajada_3|periodo_bajada_4|id_tarjeta|id_viaje|netapassinbajada|ultimaetapaconbajada|contrato|mediahora_inicio_viaje_hora|mediahora_fin_viaje_hora|op_1era_etapa|op_2da_etapa|op_3era_etapa|op_4ta_etapa|dt1|dveh_ruta1|dveh_euc1|dt2|dveh_ruta2|dveh_euc2|dt3|dveh_ruta3|dveh_euc3|dveh_ruta4|dveh_euc4|dtfinal|dveh_rutafinal|dveh_eucfinal|tipo_corte_etapa_viaje|proposito|entrada|te0|tv1|tc1|te1|tv2|tc2|te2|tv3|tc3|te3|tv4|egreso|tviaje2,header_ok,
2024-11-28,viajes,viajes/2024-11-28.viajes.csv,1487881123,2024-12-11T18:14:04+00:00,|,101,100,1,d4a367dc7abf3e5f66d17c0394b3602e3c62eb6e09e49d47884c3ea8b6162b27,tipodia|factor_expansion|n_etapas|tviaje|distancia_eucl|distancia_ruta|tiempo_inicio_viaje|tiempo_fin_viaje|mediahora_inicio_viaje|mediahora_fin_viaje|periodo_inicio_viaje|periodo_fin_viaje|tipo_transporte_1|tipo_transporte_2|tipo_transporte_3|tipo_transporte_4|srv_1|srv_2|srv_3|srv_4|paradero_inicio_viaje|paradero_fin_viaje|comuna_inicio_viaje|comuna_fin_viaje|zona_inicio_viaje|zona_fin_viaje|modos|tiempo_subida_1|tiempo_subida_2|tiempo_subida_3|tiempo_subida_4|tiempo_bajada_1|tiempo_bajada_2|tiempo_bajada_3|tiempo_bajada_4|zona_subida_1|zona_subida_2|zona_subida_3|zona_subida_4|zona_bajada_1|zona_bajada_2|zona_bajada_3|zona_bajada_4|paradero_subida_1|paradero_subida_2|paradero_subida_3|paradero_subida_4|paradero_bajada_1|paradero_bajada_2|paradero_bajada_3|paradero_bajada_4|mediahora_bajada_1|mediahora_bajada_2|mediahora_bajada_3|mediahora_bajada_4|periodo_bajada_1|periodo_bajada_2|periodo_bajada_3|periodo_bajada_4|id_tarjeta|id_viaje|netapassinbajada|ultimaetapaconbajada|contrato|mediahora_inicio_viaje_hora|mediahora_fin_viaje_hora|op_1era_etapa|op_2da_etapa|op_3era_etapa|op_4ta_etapa|dt1|dveh_ruta1|dveh_euc1|dt2|dveh_ruta2|dveh_euc2|dt3|dveh_ruta3|dveh_euc3|dveh_ruta4|dveh_euc4|dtfinal|dveh_rutafinal|dveh_eucfinal|tipo_corte_etapa_viaje|proposito|entrada|te0|tv1|tc1|te1|tv2|tc2|te2|tv3|tc3|te3|tv4|egreso|tviaje2,header_ok,
2024-11-29,viajes,viajes/2024-11-29.viajes.csv,1484254040,2024-12-11T18:42:23+00:00,|,101,100,1,d4a367dc7abf3e5f66d17c0394b3602e3c62eb6e09e49d47884c3ea8b6162b27,tipodia|factor_expansion|n_etapas|tviaje|distancia_eucl|distancia_ruta|tiempo_inicio_viaje|tiempo_fin_viaje|mediahora_inicio_viaje|mediahora_fin_viaje|periodo_inicio_viaje|periodo_fin_viaje|tipo_transporte_1|tipo_transporte_2|tipo_transporte_3|tipo_transporte_4|srv_1|srv_2|srv_3|srv_4|paradero_inicio_viaje|paradero_fin_viaje|comuna_inicio_viaje|comuna_fin_viaje|zona_inicio_viaje|zona_fin_viaje|modos|tiempo_subida_1|tiempo_subida_2|tiempo_subida_3|tiempo_subida_4|tiempo_bajada_1|tiempo_bajada_2|tiempo_bajada_3|tiempo_bajada_4|zona_subida_1|zona_subida_2|zona_subida_3|zona_subida_4|zona_bajada_1|zona_bajada_2|zona_bajada_3|zona_bajada_4|paradero_subida_1|paradero_subida_2|paradero_subida_3|paradero_subida_4|paradero_bajada_1|paradero_bajada_2|paradero_bajada_3|paradero_bajada_4|mediahora_bajada_1|mediahora_bajada_2|mediahora_bajada_3|mediahora_bajada_4|periodo_bajada_1|periodo_bajada_2|periodo_bajada_3|periodo_bajada_4|id_tarjeta|id_viaje|netapassinbajada|ultimaetapaconbajada|contrato|mediahora_inicio_viaje_hora|mediahora_fin_viaje_hora|op_1era_etapa|op_2da_etapa|op_3era_etapa|op_4ta_etapa|dt1|dveh_ruta1|dveh_euc1|dt2|dveh_ruta2|dveh_euc2|dt3|dveh_ruta3|dveh_euc3|dveh_ruta4|dveh_euc4|dtfinal|dveh_rutafinal|dveh_eucfinal|tipo_corte_etapa_viaje|proposito|entrada|te0|tv1|tc1|te1|tv2|tc2|te2|tv3|tc3|te3|tv4|egreso|tviaje2,header_ok,
2024-11-01,etapas,etapas/2024-11-01.etapas.csv,488468488,2024-12-11T20:09:02+00:00,|,35,35,0,705ff698b2941888717051aaff7b8330cad385757e995755e40a040f7a736a4c,operador|id_etapa|correlativo_viajes|correlativo_etapas|tipo_dia|tipo_transporte|fExpansionServicioPeriodoTS|tiene_bajada|tiempo2|tiempo_subida|tiempo_bajada|tiempo_etapa|media_hora_subida|media_hora_bajada|x_subida|y_subida|x_bajada|y_bajada|dist_ruta_paraderos|dist_eucl_paraderos|servicio_subida|servicio_bajada|parada_subida|parada_bajada|comuna_subida|comuna_bajada|zona_subida|zona_bajada|sitio_subida|fExpansionZonaPeriodoTS|tEsperaMediaIntervalo|periodoSubida|periodoBajada|tiempoIniExpedicion|contrato,header_ok,
2024-11-02,etapas,etapas/2024-11-02.etapas.csv,637993085,2024-12-11T20:21:39+00:00,|,35,35,0,705ff698b2941888717051aaff7b8330cad385757e995755e40a040f7a736a4c,operador|id_etapa|correlativo_viajes|correlativo_etapas|tipo_dia|tipo_transporte|fExpansionServicioPeriodoTS|tiene_bajada|tiempo2|tiempo_subida|tiempo_bajada|tiempo_etapa|media_hora_subida|media_hora_bajada|x_subida|y_subida|x_bajada|y_bajada|dist_ruta_paraderos|dist_eucl_paraderos|servicio_subida|servicio_bajada|parada_subida|parada_bajada|comuna_subida|comuna_bajada|zona_subida|zona_bajada|sitio_subida|fExpansionZonaPeriodoTS|tEsperaMediaIntervalo|periodoSubida|periodoBajada|tiempoIniExpedicion|contrato,header_ok,
2024-11-03,etapas,etapas/2024-11-03.etapas.csv,395265416,2024-12-11T20:30:13+00:00,|,35,35,0,705ff698b2941888717051aaff7b8330cad385757e995755e40a040f7a736a4c,operador|id_etapa|correlativo_viajes|correlativo_etapas|tipo_dia|tipo_transporte|fExpansionServicioPeriodoTS|tiene_bajada|tiempo2|tiempo_subida|tiempo_bajada|tiempo_etapa|media_hora_subida|media_hora_bajada|x_subida|y_subida|x_bajada|y_bajada|dist_ruta_paraderos|dist_eucl_paraderos|servicio_subida|servicio_bajada|parada_subida|parada_bajada|comuna_subida|comuna_bajada|zona_subida|zona_bajada|sitio_subida|fExpansionZonaPeriodoTS|tEsperaMediaIntervalo|periodoSubida|periodoBajada|tiempoIniExpedicion|contrato,header_ok,
2024-11-04,etapas,etapas/2024-11-04.etapas.csv,1411198321,2024-12-11T21:01:54+00:00,|,35,35,0,705ff698b2941888717051aaff7b8330cad385757e995755e40a040f7a736a4c,operador|id_etapa|correlativo_viajes|correlativo_etapas|tipo_dia|tipo_transporte|fExpansionServicioPeriodoTS|tiene_bajada|tiempo2|tiempo_subida|tiempo_bajada|tiempo_etapa|media_hora_subida|media_hora_bajada|x_subida|y_subida|x_bajada|y_bajada|dist_ruta_paraderos|dist_eucl_paraderos|servicio_subida|servicio_bajada|parada_subida|parada_bajada|comuna_subida|comuna_bajada|zona_subida|zona_bajada|sitio_subida|fExpansionZonaPeriodoTS|tEsperaMediaIntervalo|periodoSubida|periodoBajada|tiempoIniExpedicion|contrato,header_ok,
2024-11-05,etapas,etapas/2024-11-05.etapas.csv,1433799415,2024-12-11T21:31:36+00:00,|,35,35,0,705ff698b2941888717051aaff7b8330cad385757e995755e40a040f7a736a4c,operador|id_etapa|correlativo_viajes|correlativo_etapas|tipo_dia|tipo_transporte|fExpansionServicioPeriodoTS|tiene_bajada|tiempo2|tiempo_subida|tiempo_bajada|tiempo_etapa|media_hora_subida|media_hora_bajada|x_subida|y_subida|x_bajada|y_bajada|dist_ruta_paraderos|dist_eucl_paraderos|servicio_subida|servicio_bajada|parada_subida|parada_bajada|comuna_subida|comuna_bajada|zona_subida|zona_bajada|sitio_subida|fExpansionZonaPeriodoTS|tEsperaMediaIntervalo|periodoSubida|periodoBajada|tiempoIniExpedicion|contrato,header_ok,
2024-11-06,etapas,etapas/2024-11-06.etapas.csv,1445635453,2024-12-11T22:02:03+00:00,|,35,35,0,705ff698b2941888717051aaff7b8330cad385757e995755e40a040f7a736a4c,operador|id_etapa|correlativo_viajes|correlativo_etapas|tipo_dia|tipo_transporte|fExpansionServicioPeriodoTS|tiene_bajada|tiempo2|tiempo_subida|tiempo_bajada|tiempo_etapa|media_hora_subida|media_hora_bajada|x_subida|y_subida|x_bajada|y_bajada|dist_ruta_paraderos|dist_eucl_paraderos|servicio_subida|servicio_bajada|parada_subida|parada_bajada|comuna_subida|comuna_bajada|zona_subida|zona_bajada|sitio_subida|fExpansionZonaPeriodoTS|tEsperaMediaIntervalo|periodoSubida|periodoBajada|tiempoIniExpedicion|contrato,header_ok,
2024-11-07,etapas,etapas/2024-11-07.etapas.csv,1428840259,2024-12-11T22:31:41+00:00,|,35,35,0,705ff698b2941888717051aaff7b8330cad385757e995755e40a040f7a736a4c,operador|id_etapa|correlativo_viajes|correlativo_etapas|tipo_dia|tipo_transporte|fExpansionServicioPeriodoTS|tiene_bajada|tiempo2|tiempo_subida|tiempo_bajada|tiempo_etapa|media_hora_subida|media_hora_bajada|x_subida|y_subida|x_bajada|y_bajada|dist_ruta_paraderos|dist_eucl_paraderos|servicio_subida|servicio_bajada|parada_subida|parada_bajada|comuna_subida|comuna_bajada|zona_subida|zona_bajada|sitio_subida|fExpansionZonaPeriodoTS|tEsperaMediaIntervalo|periodoSubida|periodoBajada|tiempoIniExpedicion|contrato,header_ok,
2024-11-08,etapas,etapas/2024-11-08.etapas.csv,1399342528,2024-12-11T20:29:35+00:00,|,35,35,0,705ff698b2941888717051aaff7b8330cad385757e995755e40a040f7a736a4c,operador|id_etapa|correlativo_viajes|correlativo_etapas|tipo_dia|tipo_transporte|fExpansionServicioPeriodoTS|tiene_bajada|tiempo2|tiempo_subida|tiempo_bajada|tiempo_etapa|media_hora_subida|media_hora_bajada|x_subida|y_subida|x_bajada|y_bajada|dist_ruta_paraderos|dist_eucl_paraderos|servicio_subida|servicio_bajada|parada_subida|parada_bajada|comuna_subida|comuna_bajada|zona_subida|zona_bajada|sitio_subida|fExpansionZonaPeriodoTS|tEsperaMediaIntervalo|periodoSubida|periodoBajada|tiempoIniExpedicion|contrato,header_ok,
2024-11-09,etapas,etapas/2024-11-09.etapas.csv,753791121,2024-12-11T22:52:08+00:00,|,35,35,0,705ff698b2941888717051aaff7b8330cad385757e995755e40a040f7a736a4c,operador|id_etapa|correlativo_viajes|correlativo_etapas|tipo_dia|tipo_transporte|fExpansionServicioPeriodoTS|tiene_bajada|tiempo2|tiempo_subida|tiempo_bajada|tiempo_etapa|media_hora_subida|media_hora_bajada|x_subida|y_subida|x_bajada|y_bajada|dist_ruta_paraderos|dist_eucl_paraderos|servicio_subida|servicio_bajada|parada_subida|parada_bajada|comuna_subida|comuna_bajada|zona_subida|zona_bajada|sitio_subida|fExpansionZonaPeriodoTS|tEsperaMediaIntervalo|periodoSubida|periodoBajada|tiempoIniExpedicion|contrato,header_ok,
2024-11-10,etapas,etapas/2024-11-10.etapas.csv,413809711,2024-12-11T15:33:24+00:00,|,35,35,0,705ff698b2941888717051aaff7b8330cad385757e995755e40a040f7a736a4c,operador|id_etapa|correlativo_viajes|correlativo_etapas|tipo_dia|tipo_transporte|fExpansionServicioPeriodoTS|tiene_bajada|tiempo2|tiempo_subida|tiempo_bajada|tiempo_etapa|media_hora_subida|media_hora_bajada|x_subida|y_subida|x_bajada|y_bajada|dist_ruta_paraderos|dist_eucl_paraderos|servicio_subida|servicio_bajada|parada_subida|parada_bajada|comuna_subida|comuna_bajada|zona_subida|zona_bajada|sitio_subida|fExpansionZonaPeriodoTS|tEsperaMediaIntervalo|periodoSubida|periodoBajada|tiempoIniExpedicion|contrato,header_ok,
2024-11-11,etapas,etapas/2024-11-11.etapas.csv,1362132104,2024-12-11T16:09:24+00:00,|,35,35,0,705ff698b2941888717051aaff7b8330cad385757e995755e40a040f7a736a4c,operador|id_etapa|correlativo_viajes|correlativo_etapas|tipo_dia|tipo_transporte|fExpansionServicioPeriodoTS|tiene_bajada|tiempo2|tiempo_subida|tiempo_bajada|tiempo_etapa|media_hora_subida|media_hora_bajada|x_subida|y_subida|x_bajada|y_bajada|dist_ruta_paraderos|dist_eucl_paraderos|servicio_subida|servicio_bajada|parada_subida|parada_bajada|comuna_subida|comuna_bajada|zona_subida|zona_bajada|sitio_subida|fExpansionZonaPeriodoTS|tEsperaMediaIntervalo|periodoSubida|periodoBajada|tiempoIniExpedicion|contrato,header_ok,
2024-11-12,etapas,etapas/2024-11-12.etapas.csv,1362731037,2024-12-11T16:42:48+00:00,|,35,35,0,705ff698b2941888717051aaff7b8330cad385757e995755e40a040f7a736a4c,operador|id_etapa|correlativo_viajes|correlativo_etapas|tipo_dia|tipo_transporte|fExpansionServicioPeriodoTS|tiene_bajada|tiempo2|tiempo_subida|tiempo_bajada|tiempo_etapa|media_hora_subida|media_hora_bajada|x_subida|y_subida|x_bajada|y_bajada|dist_ruta_paraderos|dist_eucl_paraderos|servicio_subida|servicio_bajada|parada_subida|parada_bajada|comuna_subida|comuna_bajada|zona_subida|zona_bajada|sitio_subida|fExpansionZonaPeriodoTS|tEsperaMediaIntervalo|periodoSubida|periodoBajada|tiempoIniExpedicion|contrato,header_ok,
2024-11-13,etapas,etapas/2024-11-13.etapas.csv,1400070904,2024-12-11T17:16:52+00:00,|,35,35,0,705ff698b2941888717051aaff7b8330cad385757e995755e40a040f7a736a4c,operador|id_etapa|correlativo_viajes|correlativo_etapas|tipo_dia|tipo_transporte|fExpansionServicioPeriodoTS|tiene_bajada|tiempo2|tiempo_subida|tiempo_bajada|tiempo_etapa|media_hora_subida|media_hora_bajada|x_subida|y_subida|x_bajada|y_bajada|dist_ruta_paraderos|dist_eucl_paraderos|servicio_subida|servicio_bajada|parada_subida|parada_bajada|comuna_subida|comuna_bajada|zona_subida|zona_bajada|sitio_subida|fExpansionZonaPeriodoTS|tEsperaMediaIntervalo|periodoSubida|periodoBajada|tiempoIniExpedicion|contrato,header_ok,
2024-11-14,etapas,etapas/2024-11-14.etapas.csv,1423573171,2024-12-11T17:51:27+00:00,|,35,35,0,705ff698b2941888717051aaff7b8330cad385757e995755e40a040f7a736a4c,operador|id_etapa|correlativo_viajes|correlativo_etapas|tipo_dia|tipo_transporte|fExpansionServicioPeriodoTS|tiene_bajada|tiempo2|tiempo_subida|tiempo_bajada|tiempo_etapa|media_hora_subida|media_hora_bajada|x_subida|y_subida|x_bajada|y_bajada|dist_ruta_paraderos|dist_eucl_paraderos|servicio_subida|servicio_bajada|parada_subida|parada_bajada|comuna_subida|comuna_bajada|zona_subida|zona_bajada|sitio_subida|fExpansionZonaPeriodoTS|tEsperaMediaIntervalo|periodoSubida|periodoBajada|tiempoIniExpedicion|contrato,header_ok,
2024-11-15,etapas,etapas/2024-11-15.etapas.csv,1398390300,2024-12-11T15:31:51+00:00,|,35,35,0,705ff698b2941888717051aaff7b8330cad385757e995755e40a040f7a736a4c,operador|id_etapa|correlativo_viajes|correlativo_etapas|tipo_dia|tipo_transporte|fExpansionServicioPeriodoTS|tiene_bajada|tiempo2|tiempo_subida|tiempo_bajada|tiempo_etapa|media_hora_subida|media_hora_bajada|x_subida|y_subida|x_bajada|y_bajada|dist_ruta_paraderos|dist_eucl_paraderos|servicio_subida|servicio_bajada|parada_subida|parada_bajada|comuna_subida|comuna_bajada|zona_subida|zona_bajada|sitio_subida|fExpansionZonaPeriodoTS|tEsperaMediaIntervalo|periodoSubida|periodoBajada|tiempoIniExpedicion|contrato,header_ok,
2024-11-16,etapas,etapas/2024-11-16.etapas.csv,751955845,2024-12-11T15:50:00+00:00,|,35,35,0,705ff698b2941888717051aaff7b8330cad385757e995755e40a040f7a736a4c,operador|id_etapa|correlativo_viajes|correlativo_etapas|tipo_dia|tipo_transporte|fExpansionServicioPeriodoTS|tiene_bajada|tiempo2|tiempo_subida|tiempo_bajada|tiempo_etapa|media_hora_subida|media_hora_bajada|x_subida|y_subida|x_bajada|y_bajada|dist_ruta_paraderos|dist_eucl_paraderos|servicio_subida|servicio_bajada|parada_subida|parada_bajada|comuna_subida|comuna_bajada|zona_subida|zona_bajada|sitio_subida|fExpansionZonaPeriodoTS|tEsperaMediaIntervalo|periodoSubida|periodoBajada|tiempoIniExpedicion|contrato,header_ok,
2024-11-17,etapas,etapas/2024-11-17.etapas.csv,426335536,2024-12-11T16:00:57+00:00,|,35,35,0,705ff698b2941888717051aaff7b8330cad385757e995755e40a040f7a736a4c,operador|id_etapa|correlativo_viajes|correlativo_etapas|tipo_dia|tipo_transporte|fExpansionServicioPeriodoTS|tiene_bajada|tiempo2|tiempo_subida|tiempo_bajada|tiempo_etapa|media_hora_subida|media_hora_bajada|x_subida|y_subida|x_bajada|y_bajada|dist_ruta_paraderos|dist_eucl_paraderos|servicio_subida|servicio_bajada|parada_subida|parada_bajada|comuna_subida|comuna_bajada|zona_subida|zona_bajada|sitio_subida|fExpansionZonaPeriodoTS|tEsperaMediaIntervalo|periodoSubida|periodoBajada|tiempoIniExpedicion|contrato,header_ok,
2024-11-18,etapas,etapas/2024-11-18.etapas.csv,1392932609,2024-12-11T16:35:55+00:00,|,35,35,0,705ff698b2941888717051aaff7b8330cad385757e995755e40a040f7a736a4c,operador|id_etapa|correlativo_viajes|correlativo_etapas|tipo_dia|tipo_transporte|fExpansionServicioPeriodoTS|tiene_bajada|tiempo2|tiempo_subida|tiempo_bajada|tiempo_etapa|media_hora_subida|media_hora_bajada|x_subida|y_subida|x_bajada|y_bajada|dist_ruta_paraderos|dist_eucl_paraderos|servicio_subida|servicio_bajada|parada_subida|parada_bajada|comuna_subida|comuna_bajada|zona_subida|zona_bajada|sitio_subida|fExpansionZonaPeriodoTS|tEsperaMediaIntervalo|periodoSubida|periodoBajada|tiempoIniExpedicion|contrato,header_ok,
2024-11-19,etapas,etapas/2024-11-19.etapas.csv,1415910445,2024-12-11T17:10:19+00:00,|,35,35,0,705ff698b2941888717051aaff7b8330cad385757e995755e40a040f7a736a4c,operador|id_etapa|correlativo_viajes|correlativo_etapas|tipo_dia|tipo_transporte|fExpansionServicioPeriodoTS|tiene_bajada|tiempo2|tiempo_subida|tiempo_bajada|tiempo_etapa|media_hora_subida|media_hora_bajada|x_subida|y_subida|x_bajada|y_bajada|dist_ruta_paraderos|dist_eucl_paraderos|servicio_subida|servicio_bajada|parada_subida|parada_bajada|comuna_subida|comuna_bajada|zona_subida|zona_bajada|sitio_subida|fExpansionZonaPeriodoTS|tEsperaMediaIntervalo|periodoSubida|periodoBajada|tiempoIniExpedicion|contrato,header_ok,
2024-11-20,etapas,etapas/2024-11-20.etapas.csv,1426929056,2024-12-11T17:45:01+00:00,|,35,35,0,705ff698b2941888717051aaff7b8330cad385757e995755e40a040f7a736a4c,operador|id_etapa|correlativo_viajes|correlativo_etapas|tipo_dia|tipo_transporte|fExpansionServicioPeriodoTS|tiene_bajada|tiempo2|tiempo_subida|tiempo_bajada|tiempo_etapa|media_hora_subida|media_hora_bajada|x_subida|y_subida|x_bajada|y_bajada|dist_ruta_paraderos|dist_eucl_paraderos|servicio_subida|servicio_bajada|parada_subida|parada_bajada|comuna_subida|comuna_bajada|zona_subida|zona_bajada|sitio_subida|fExpansionZonaPeriodoTS|tEsperaMediaIntervalo|periodoSubida|periodoBajada|tiempoIniExpedicion|contrato,header_ok,
2024-11-21,etapas,etapas/2024-11-21.etapas.csv,1407723697,2024-12-11T18:17:05+00:00,|,35,35,0,705ff698b2941888717051aaff7b8330cad385757e995755e40a040f7a736a4c,operador|id_etapa|correlativo_viajes|correlativo_etapas|tipo_dia|tipo_transporte|fExpansionServicioPeriodoTS|tiene_bajada|tiempo2|tiempo_subida|tiempo_bajada|tiempo_etapa|media_hora_subida|media_hora_bajada|x_subida|y_subida|x_bajada|y_bajada|dist_ruta_paraderos|dist_eucl_paraderos|servicio_subida|servicio_bajada|parada_subida|parada_bajada|comuna_subida|comuna_bajada|zona_subida|zona_bajada|sitio_subida|fExpansionZonaPeriodoTS|tEsperaMediaIntervalo|periodoSubida|periodoBajada|tiempoIniExpedicion|contrato,header_ok,
2024-11-22,etapas,etapas/2024-11-22.etapas.csv,1368782952,2024-12-11T15:32:13+00:00,|,35,35,0,705ff698b2941888717051aaff7b8330cad385757e995755e40a040f7a736a4c,operador|id_etapa|correlativo_viajes|correlativo_etapas|tipo_dia|tipo_transporte|fExpansionServicioPeriodoTS|tiene_bajada|tiempo2|tiempo_subida|tiempo_bajada|tiempo_etapa|media_hora_subida|media_hora_bajada|x_subida|y_subida|x_bajada|y_bajada|dist_ruta_paraderos|dist_eucl_paraderos|servicio_subida|servicio_bajada|parada_subida|parada_bajada|comuna_subida|comuna_bajada|zona_subida|zona_bajada|sitio_subida|fExpansionZonaPeriodoTS|tEsperaMediaIntervalo|periodoSubida|periodoBajada|tiempoIniExpedicion|contrato,header_ok,
2024-11-23,etapas,etapas/2024-11-23.etapas.csv,727322614,2024-12-11T15:50:10+00:00,|,35,35,0,705ff698b2941888717051aaff7b8330cad385757e995755e40a040f7a736a4c,operador|id_etapa|correlativo_viajes|correlativo_etapas|tipo_dia|tipo_transporte|fExpansionServicioPeriodoTS|tiene_bajada|tiempo2|tiempo_subida|tiempo_bajada|tiempo_etapa|media_hora_subida|media_hora_bajada|x_subida|y_subida|x_bajada|y_bajada|dist_ruta_paraderos|dist_eucl_paraderos|servicio_subida|servicio_bajada|parada_subida|parada_bajada|comuna_subida|comuna_bajada|zona_subida|zona_bajada|sitio_subida|fExpansionZonaPeriodoTS|tEsperaMediaIntervalo|periodoSubida|periodoBajada|tiempoIniExpedicion|contrato,header_ok,
2024-11-24,etapas,etapas/2024-11-24.etapas.csv,560456776,2024-12-11T16:04:51+00:00,|,35,35,0,705ff698b2941888717051aaff7b8330cad385757e995755e40a040f7a736a4c,operador|id_etapa|correlativo_viajes|correlativo_etapas|tipo_dia|tipo_transporte|fExpansionServicioPeriodoTS|tiene_bajada|tiempo2|tiempo_subida|tiempo_bajada|tiempo_etapa|media_hora_subida|media_hora_bajada|x_subida|y_subida|x_bajada|y_bajada|dist_ruta_paraderos|dist_eucl_paraderos|servicio_subida|servicio_bajada|parada_subida|parada_bajada|comuna_subida|comuna_bajada|zona_subida|zona_bajada|sitio_subida|fExpansionZonaPeriodoTS|tEsperaMediaIntervalo|periodoSubida|periodoBajada|tiempoIniExpedicion|contrato,header_ok,
2024-11-25,etapas,etapas/2024-11-25.etapas.csv,1366882790,2024-12-11T16:38:51+00:00,|,35,35,0,705ff698b2941888717051aaff7b8330cad385757e995755e40a040f7a736a4c,operador|id_etapa|correlativo_viajes|correlativo_etapas|tipo_dia|tipo_transporte|fExpansionServicioPeriodoTS|tiene_bajada|tiempo2|tiempo_subida|tiempo_bajada|tiempo_etapa|media_hora_subida|media_hora_bajada|x_subida|y_subida|x_bajada|y_bajada|dist_ruta_paraderos|dist_eucl_paraderos|servicio_subida|servicio_bajada|parada_subida|parada_bajada|comuna_subida|comuna_bajada|zona_subida|zona_bajada|sitio_subida|fExpansionZonaPeriodoTS|tEsperaMediaIntervalo|periodoSubida|periodoBajada|tiempoIniExpedicion|contrato,header_ok,
2024-11-26,etapas,etapas/2024-11-26.etapas.csv,1405184735,2024-12-11T17:13:06+00:00,|,35,35,0,705ff698b2941888717051aaff7b8330cad385757e995755e40a040f7a736a4c,operador|id_etapa|correlativo_viajes|correlativo_etapas|tipo_dia|tipo_transporte|fExpansionServicioPeriodoTS|tiene_bajada|tiempo2|tiempo_subida|tiempo_bajada|tiempo_etapa|media_hora_subida|media_hora_bajada|x_subida|y_subida|x_bajada|y_bajada|dist_ruta_paraderos|dist_eucl_paraderos|servicio_subida|servicio_bajada|parada_subida|parada_bajada|comuna_subida|comuna_bajada|zona_subida|zona_bajada|sitio_subida|fExpansionZonaPeriodoTS|tEsperaMediaIntervalo|periodoSubida|periodoBajada|tiempoIniExpedicion|contrato,header_ok,
2024-11-27,etapas,etapas/2024-11-27.etapas.csv,1415220413,2024-12-11T17:47:25+00:00,|,35,35,0,705ff698b2941888717051aaff7b8330cad385757e995755e40a040f7a736a4c,operador|id_etapa|correlativo_viajes|correlativo_etapas|tipo_dia|tipo_transporte|fExpansionServicioPeriodoTS|tiene_bajada|tiempo2|tiempo_subida|tiempo_bajada|tiempo_etapa|media_hora_subida|media_hora_bajada|x_subida|y_subida|x_bajada|y_bajada|dist_ruta_paraderos|dist_eucl_paraderos|servicio_subida|servicio_bajada|parada_subida|parada_bajada|comuna_subida|comuna_bajada|zona_subida|zona_bajada|sitio_subida|fExpansionZonaPeriodoTS|tEsperaMediaIntervalo|periodoSubida|periodoBajada|tiempoIniExpedicion|contrato,header_ok,
2024-11-28,etapas,etapas/2024-11-28.etapas.csv,1402289433,2024-12-11T18:19:00+00:00,|,35,35,0,705ff698b2941888717051aaff7b8330cad385757e995755e40a040f7a736a4c,operador|id_etapa|correlativo_viajes|correlativo_etapas|tipo_dia|tipo_transporte|fExpansionServicioPeriodoTS|tiene_bajada|tiempo2|tiempo_subida|tiempo_bajada|tiempo_etapa|media_hora_subida|media_hora_bajada|x_subida|y_subida|x_bajada|y_bajada|dist_ruta_paraderos|dist_eucl_paraderos|servicio_subida|servicio_bajada|parada_subida|parada_bajada|comuna_subida|comuna_bajada|zona_subida|zona_bajada|sitio_subida|fExpansionZonaPeriodoTS|tEsperaMediaIntervalo|periodoSubida|periodoBajada|tiempoIniExpedicion|contrato,header_ok,
2024-11-29,etapas,etapas/2024-11-29.etapas.csv,1389861089,2024-12-11T18:46:51+00:00,|,35,35,0,705ff698b2941888717051aaff7b8330cad385757e995755e40a040f7a736a4c,operador|id_etapa|correlativo_viajes|correlativo_etapas|tipo_dia|tipo_transporte|fExpansionServicioPeriodoTS|tiene_bajada|tiempo2|tiempo_subida|tiempo_bajada|tiempo_etapa|media_hora_subida|media_hora_bajada|x_subida|y_subida|x_bajada|y_bajada|dist_ruta_paraderos|dist_eucl_paraderos|servicio_subida|servicio_bajada|parada_subida|parada_bajada|comuna_subida|comuna_bajada|zona_subida|zona_bajada|sitio_subida|fExpansionZonaPeriodoTS|tEsperaMediaIntervalo|periodoSubida|periodoBajada|tiempoIniExpedicion|contrato,header_ok,
