CUT_REG,CUT_PROV,CUT_COM,REGION,PROVINCIA,COMUNA,SUPERFICIE,canonical_name,area_km2_geometry,origin_trip_count,origin_expanded_mass,destination_trip_count,destination_expanded_mass,endpoint_expanded_mass_per_km2
13,131,13101,Metropolitana de Santiago,Santiago,Santiago,23.18,santiago,23.17923120956021,10798980.0,14869425.784000002,11662877.0,16342390.0853,1346542.3243384694
13,131,13123,Metropolitana de Santiago,Santiago,Providencia,14.45,providencia,14.444185477474214,6171675.0,8280880.3032,6712891.0,9244599.4735,1213324.199140968
13,131,13106,Metropolitana de Santiago,Santiago,Estación Central,14.38,estacioncentral,14.373756060032758,3143097.0,4808457.461799999,3354622.0,4771688.7813,666502.6318164861
13,131,13117,Metropolitana de Santiago,Santiago,Lo Prado,6.54,loprado,6.542801760285807,1421792.0,1928275.5012999994,1295442.0,1849130.6927000002,577337.7113346917
13,131,13120,Metropolitana de Santiago,Santiago,Ñuñoa,16.9,nunoa,16.892589159935227,2856397.0,3877202.1527999984,2933088.0,4086537.1126000006,471433.9045365462
13,131,13130,Metropolitana de Santiago,Santiago,San Miguel,9.63,sanmiguel,9.628341570710932,1419095.0,2005887.7997000006,1497863.0,2130327.5798000004,429587.52025190083
13,131,13109,Metropolitana de Santiago,Santiago,La Cisterna,10.01,lacisterna,10.007891489763644,1358261.0,1956396.4674999998,1297455.0,1877054.9468000003,383042.8635463288
13,131,13108,Metropolitana de Santiago,Santiago,Independencia,7.35,independencia,7.3524853665008765,886953.0,1282832.6626000002,936838.0,1335268.5842,356083.84325775015
13,131,13127,Metropolitana de Santiago,Santiago,Recoleta,15.61,recoleta,15.610942014036988,1689278.0,2405540.1309,1651608.0,2357563.0741000003,305113.1187802204
13,131,13118,Metropolitana de Santiago,Santiago,Macul,12.81,macul,12.808900289907294,1052416.0,1471517.4822000007,1027428.0,1452439.5963,228275.4188354419
13,131,13131,Metropolitana de Santiago,Santiago,San Ramón,6.32,sanramon,6.3143472481144585,482161.0,701070.0577,488317.0,707680.6632999999,223103.14362591796
13,131,13104,Metropolitana de Santiago,Santiago,Conchalí,10.94,conchali,10.938876697774962,837455.0,1224361.8449,820970.0,1191401.5236000002,220841.99641736355
13,131,13129,Metropolitana de Santiago,Santiago,San Joaquín,9.94,sanjoaquin,9.936937973555873,784339.0,1072565.5401,787370.0,1090865.5708,217716.07276379422
13,131,13126,Metropolitana de Santiago,Santiago,Quinta Normal,11.81,quintanormal,11.804259289724559,849674.0,1239165.8431000004,798591.0,1154998.2743000002,202822.0541956484
13,131,13121,Metropolitana de Santiago,Santiago,Pedro Aguirre Cerda,8.73,pedroaguirrecerda,8.72952253594989,545359.0,782043.8426000002,505753.0,724010.6746,172524.27163086773
13,131,13103,Metropolitana de Santiago,Santiago,Cerro Navia,11.05,cerronavia,11.052062373338128,603559.0,921596.2129,535252.0,787890.7429,154675.83316611996
13,131,13105,Metropolitana de Santiago,Santiago,El Bosque,14.25,elbosque,14.251841185380945,775613.0,1123112.985,698201.0,1031206.9643000002,151160.81643611274
13,131,13113,Metropolitana de Santiago,Santiago,La Reina,23.39,lareina,23.3854371631764,1055092.0,1463768.3654000002,1153810.0,1615288.5733000003,131665.571065244
13,131,13110,Metropolitana de Santiago,Santiago,La Florida,71.06,laflorida,71.03682557166768,3012218.0,4269531.531500001,2977870.0,4272596.202300002,120249.28852123348
13,131,13114,Metropolitana de Santiago,Santiago,Las Condes,99.09,lascondes,99.06048214191571,4216953.0,5672668.528199999,4473338.0,6124043.8693,119085.957815144
13,131,13116,Metropolitana de Santiago,Santiago,Lo Espejo,8.26,loespejo,8.253420251542906,331123.0,517358.74399999983,288292.0,433647.6719,115225.73513958864
13,131,13111,Metropolitana de Santiago,Santiago,La Granja,10.05,lagranja,10.050731044525323,382543.0,579287.2101,302523.0,446811.42530000006,102091.94046227318
13,131,13102,Metropolitana de Santiago,Santiago,Cerrillos,16.82,cerrillos,16.817716980433303,601560.0,901942.0653000004,521383.0,759326.4093999999,98780.85572689891
13,131,13122,Metropolitana de Santiago,Santiago,Peñalolén,53.9,penalolen,53.887443183385756,1825996.0,2610719.8655,1776744.0,2529650.919099999,95390.88293921591
13,132,13201,Metropolitana de Santiago,Cordillera,Puente Alto,88.41,puentealto,88.38620956258633,2967761.0,4343853.088500001,2590340.0,3752915.1051,91606.69106266713
13,131,13125,Metropolitana de Santiago,Santiago,Quilicura,57.33,quilicura,57.3180139466182,1597707.0,2371243.6814999995,1498433.0,2177777.0180999995,79364.59040323037
13,131,13119,Metropolitana de Santiago,Santiago,Maipú,136.81,maipu,136.796311843141,3314429.0,4825473.205900001,3123981.0,4557579.060800001,68591.41259202355
13,131,13132,Metropolitana de Santiago,Santiago,Vitacura,28.6,vitacura,28.590895794061982,790305.0,1137527.7406000001,568555.0,794720.8096000002,67582.65162861065
13,131,13128,Metropolitana de Santiago,Santiago,Renca,23.68,renca,23.68095444508402,484687.0,807757.8837999997,409358.0,621454.8185,60352.83356565441
13,131,13112,Metropolitana de Santiago,Santiago,La Pintana,30.48,lapintana,30.467972637224914,424573.0,673646.8421000001,346994.0,518971.2367,39143.3356265685
13,131,13107,Metropolitana de Santiago,Santiago,Huechuraba,44.99,huechuraba,44.976900867696166,443431.0,655281.2860000001,432416.0,614451.2915,28230.77075130275
13,134,13401,Metropolitana de Santiago,Maipo,San Bernardo,153.87,sanbernardo,153.84656639649572,1311247.0,1968317.0884999996,1145594.0,1721635.797799999,23984.62944431399
13,131,13124,Metropolitana de Santiago,Santiago,Pudahuel,198.58,pudahuel,198.56741572626052,1689599.0,2437874.6893,1613741.0,2321154.8096,23966.819941196518
13,136,13604,Metropolitana de Santiago,Talagante,Padre Hurtado,80.69,padrehurtado,80.68245379841775,60450.0,102555.4422,34042.0,54064.96199999999,1941.1953507426845
13,131,13115,Metropolitana de Santiago,Santiago,Lo Barnechea,1024.02,lobarnechea,1023.6149918984503,445538.0,673933.8645,381735.0,539901.9918999999,1185.8324330994371
13,133,13302,Metropolitana de Santiago,Chacabuco,Lampa,449.54,lampa,449.51621909674293,50657.0,84331.32890000001,37621.0,55455.55500000001,310.9718358569742
13,134,13403,Metropolitana de Santiago,Maipo,Calera de Tango,73.12,caleradetango,73.1092219765166,291.0,476.595,442.0,707.2679000000003,16.193072063880926
13,133,13301,Metropolitana de Santiago,Chacabuco,Colina,971.09,colina,970.8588272963999,29.0,56.81239999999999,515.0,728.796,0.8091891198926664
13,135,13504,Metropolitana de Santiago,Melipilla,María Pinto,394.2,mariapinto,394.29993604322533,0.0,0.0,0.0,0.0,0.0
13,134,13402,Metropolitana de Santiago,Maipo,Buin,217.06,buin,217.0287881127664,0.0,0.0,0.0,0.0,0.0
13,135,13502,Metropolitana de Santiago,Melipilla,Alhué,844.33,alhue,844.4039298515453,0.0,0.0,0.0,0.0,0.0
13,132,13203,Metropolitana de Santiago,Cordillera,San José de Maipo,4984.74,sanjosedemaipo,4982.050457274525,0.0,0.0,0.0,0.0,0.0
13,132,13202,Metropolitana de Santiago,Cordillera,Pirque,444.85,pirque,444.70466531242306,0.0,0.0,0.0,0.0,0.0
13,136,13602,Metropolitana de Santiago,Talagante,El Monte,115.96,elmonte,115.97328561806401,0.0,0.0,0.0,0.0,0.0
13,136,13605,Metropolitana de Santiago,Talagante,Peñaflor,69.49,penaflor,69.48800248347152,0.0,0.0,0.0,0.0,0.0
13,133,13303,Metropolitana de Santiago,Chacabuco,Tiltil,654.68,tiltil,654.6518509370624,0.0,0.0,0.0,0.0,0.0
13,136,13601,Metropolitana de Santiago,Talagante,Talagante,125.23,talagante,125.22482326192085,0.0,0.0,0.0,0.0,0.0
13,135,13503,Metropolitana de Santiago,Melipilla,Curacaví,694.01,curacavi,694.1004187485808,0.0,0.0,0.0,0.0,0.0
13,136,13603,Metropolitana de Santiago,Talagante,Isla de Maipo,189.62,islademaipo,189.61838443999477,0.0,0.0,0.0,0.0,0.0
13,134,13404,Metropolitana de Santiago,Maipo,Paine,677.62,paine,677.5224982618129,0.0,0.0,0.0,0.0,0.0
13,135,13505,Metropolitana de Santiago,Melipilla,San Pedro,786.54,sanpedro,786.9058501454805,0.0,0.0,0.0,0.0,0.0
13,135,13501,Metropolitana de Santiago,Melipilla,Melipilla,1352.35,melipilla,1352.6531362088012,0.0,0.0,0.0,0.0,0.0
