zone_id,origin_trip_count,origin_expanded_mass,destination_trip_count,destination_expanded_mass
175,1295715,1701721.5489,1436323,1960082.2251999998
206,1259624,1672210.4371,1473395,2027114.957
285,1094358,1435084.7449,1182545,1619380.032
286,1032140,1413773.3155,1153402,1602776.6582
84,913314,1318274.3343000002,959864,1341461.6486000002
284,966519,1307110.4204,1042498,1440082.8477999999
179,913703,1198300.1679,1025384,1403337.4725000001
282,842994,1145807.277,1004673,1393809.8185
78,639800,1127750.3108,744192,1059571.9379
213,836854,1090826.1589,900961,1222173.8509
276,812284,1086703.8222,891518,1231061.0582
274,777940,1085240.891,880620,1233912.6344
380,631270,913617.5447000001,553223,794763.7054999999
819,656838,895608.3296,642483,931493.8118
266,605191,865984.7838000001,700621,996805.1811
215,589740,769942.6727,590352,803817.0537
123,568405,761960.7176000001,466785,661857.1205000001
232,556098,744602.1829,589123,813619.9999999999
231,544563,741219.244,592341,829152.383
178,545094,737530.2862999999,589546,807699.067
505,517646,722118.314,519893,735223.9559
281,531174,711435.9796999999,591603,819649.6378
181,512859,709487.2802,593296,828938.5066000002
77,454207,665228.1788,455336,656540.3026
214,506934,659216.108,565008,761873.4606999999
303,461053,640844.883,509811,720494.9172
306,467452,631431.5879,548053,762846.7469
8,448421,627975.1848,508662,711569.5621
468,471044,625454.4566,412365,589172.1405
240,468216,618142.8465999999,410437,567638.6055000001
470,415512,601541.4024,506159,727404.5007
452,434168,555372.0588,485336,655589.0356
257,407631,551315.2801,456820,640038.2236
71,329090,531517.2183,336774,472728.65869999997
280,382013,524725.5826000001,420822,592236.4583
557,356929,518571.2962,365841,513446.52890000003
773,370060,518534.66699999996,369265,534111.5654999999
222,375297,513733.1913,347326,478788.50680000003
299,361506,503099.36380000005,382166,538879.9491
79,352598,495888.6939,404345,578844.9694000001
55,347230,489291.00920000003,384861,542116.2141
37,325093,455553.48380000005,297580,420603.08950000006
476,336192,451411.41120000003,340939,482050.2979
23,318853,448275.8086,354758,506514.918
467,314322,440078.2129,341180,486310.3967
448,321161,434680.6405,342833,479221.6815
130,312312,432802.7860000001,316907,450833.51600000006
372,297841,421932.1539,313676,451786.8381
359,300833,418840.7514,325479,459287.1849
501,293917,407355.42339999997,320496,458581.52290000004
272,293516,406362.0125,329264,465989.47660000005
117,300265,404719.4152,286569,409865.9327
358,285773,403192.2635,303528,428327.5205
183,299085,401059.01879999996,339249,464987.98089999997
430,270163,391532.9713,265437,386590.58400000003
465,278452,389352.7885,309289,438621.3623
176,254260,377240.74830000004,165953,235219.3793
704,272728,374414.52450000006,275185,393618.6395
367,254825,356954.8591,268094,382958.17350000003
353,250077,355633.53219999996,265509,380802.2774
307,257250,354640.44019999995,176407,263071.9853
298,254168,353985.48920000007,284993,400789.425
631,251947,346247.1898,279456,405898.1443
236,245198,323797.16959999996,231461,323903.68590000004
256,237871,323058.19470000005,273690,378469.9456
295,226970,319939.4298,249264,360353.0028
658,231634,318843.87389999995,265949,372741.8221
40,228942,316530.0613,209428,301713.8409
309,223515,306832.65249999997,276922,385095.7362
110,212005,301573.5834,280351,399298.23850000004
217,219468,292946.4957,246604,337355.34780000005
622,219225,292000.2281,219119,311297.5235
238,207962,291917.60650000005,262470,370976.05779999995
497,215708,291290.1611,214259,303481.97229999996
461,210937,290344.9989,210342,295328.43940000003
150,205931,286435.8096,179881,251403.0738
434,192979,276928.1511,190842,284404.72559999995
727,191859,274488.5187,210544,302972.9758
364,194902,269996.0431,211024,299923.4632
728,188475,266867.9663,192628,274706.73970000003
375,182503,261312.4319,176070,253187.7589
363,186818,260107.64010000002,197617,279432.6652
765,171832,257422.3631,129694,188205.98299999998
447,181734,254099.2497,192910,274668.5887
224,186123,250821.9107,229314,316822.8019
304,178579,249437.6359,195149,282974.9726
458,173097,241573.42390000005,219589,311268.1976000001
632,169652,226372.392,174096,247275.968
620,159257,220398.6623,155280,220484.2961
426,161589,220232.9593,150208,207817.2591
216,167483,217922.7732,102229,139272.6372
827,152813,212830.66430000003,164234,234301.5467
221,150686,204918.72100000002,186897,257666.4826
440,148746,203775.70179999998,162356,227206.5799
489,146611,199097.6028,152644,218448.0539
11,138943,196125.0885,161955,234505.9025
210,141308,194382.1097,125502,174194.5577
195,131154,194215.5061,113949,158572.627
207,143082,193504.3774,105893,148568.9802
161,136838,188630.107,149312,213437.17760000002
53,130131,186136.67209999997,140792,199160.5593
395,129751,185717.9791,124151,179937.8157
199,131936,185362.5633,16867,24645.9643
109,132832,183592.6177,145330,207549.8977
246,131430,182211.98839999997,176043,244249.5155
189,128003,178048.31629999998,66460,93821.792
242,130352,175496.0195,136152,190094.5173
162,112601,173446.8919,131573,187694.7794
41,126693,173137.7191,129403,185913.5249
460,119769,170713.5556,117640,168779.98640000002
399,121679,170333.23169999997,117666,171333.25919999997
208,121479,168282.4281,147711,204990.8115
450,118957,168262.671,120946,172090.0498
204,114532,166463.777,49587,71470.67749999999
642,110851,166418.4502,107625,151277.1023
560,120190,166404.67849999998,100962,148121.5223
275,112737,165793.22960000002,112999,162306.5487
479,116226,164715.5106,133797,189702.2006
774,114177,164065.62589999998,102758,149062.4383
797,114465,160933.94769999996,118751,172817.6843
239,114509,160840.9531,128865,180459.77529999998
356,109129,159163.65309999997,116786,173253.15399999998
437,111404,158525.26839999997,105771,156968.49079999997
180,121121,157790.6238,128108,179184.86000000002
296,110991,157131.6459,96012,138142.9167
683,105352,152707.9945,80910,116938.10860000002
401,110898,151722.68610000002,117373,166551.3665
35,106574,148712.494,104696,142637.113
277,107380,146784.65710000004,84036,121107.7598
186,111140,145847.72400000002,72604,100076.46440000001
758,107955,144762.79829999997,98992,136997.17620000002
182,103980,143093.6973,95361,130700.4079
151,93319,140265.4443,84356,124391.5928
443,111266,139379.3203,65199,93874.781
629,90932,138402.72049999997,77521,115603.52850000001
289,93955,136191.3871,73491,103507.9846
135,87553,136131.54960000003,76113,113012.4456
725,90588,133040.7802,91964,132890.9597
184,93774,132535.9085,84154,116422.55639999999
48,92019,132160.4261,100136,145808.5881
292,93008,131219.8812,58574,83238.62430000001
771,86930,129950.013,69977,103261.70180000001
411,90214,129343.55539999998,89772,135586.3903
36,89003,126764.17619999999,51811,75123.18400000001
391,87676,126268.80890000002,82282,124290.00760000003
541,87564,126199.18059999999,82461,110773.44820000003
740,80721,126179.49470000002,17042,25889.4135
337,88172,125257.915,101890,148024.0716
371,90698,124384.70539999998,52840,79068.956
611,78528,124253.1064,84842,123769.58410000001
229,85061,124016.50009999999,57437,81835.5537
522,64401,122415.13820000002,52400,79684.9872
119,87111,121414.8947,98638,141457.63530000002
168,81042,118612.78570000001,77123,116752.6282
116,86341,118512.64120000001,102625,147785.3829
279,83223,117820.92999999998,68431,96644.41829999999
780,85062,116517.25109999998,50790,76262.5036
655,74511,114665.83579999999,59101,87317.1445
593,79795,113647.5177,74882,109126.31620000002
172,73590,111747.85070000001,26641,38940.63420000001
165,72281,110096.98680000001,50796,74505.5449
227,77434,109580.77380000002,72036,100097.0622
455,73769,108680.6931,45151,65573.25949999999
741,67643,106260.81140000002,43420,63941.223999999995
72,75227,105454.47320000001,62024,89306.2602
791,77603,103841.15370000002,75405,111342.8711
686,74479,103786.12090000001,58539,83433.8927
451,75803,101351.31999999999,51517,74788.87510000002
645,70825,100372.60100000001,68121,93170.34120000001
442,67749,100351.8927,63640,90775.9455
202,67974,99896.09310000001,70022,97538.0546
475,68338,99598.86039999999,82486,119571.361
806,66308,99320.31259999999,52389,78205.1873
228,68066,98110.143,70206,99090.7407
193,65610,97153.75700000001,38775,53676.9994
446,67163,96665.2461,53912,76564.7478
483,61751,94614.576,56087,82015.02329999999
506,60725,94564.43569999999,30589,50266.4621
702,64363,94200.7117,62601,91721.7715
630,57720,94084.1039,34323,52069.12900000001
837,54302,92848.30850000001,34263,52593.8732
550,60544,92326.78019999998,54856,80961.29590000003
493,60731,92069.07750000001,47674,71835.5596
492,58756,91680.26840000002,39987,59627.1174
67,56391,91470.7013,50923,77652.21740000001
746,62057,90986.5051,30919,45628.126000000004
760,64853,90953.7131,17391,24894.4792
809,60141,90648.0536,57269,84425.62369999998
132,63016,90453.92540000001,44421,64104.8202
619,65767,89412.3722,78005,110930.5364
595,57033,88996.10820000002,37586,56046.395800000006
736,59081,88873.85369999999,42150,62918.5066
404,58934,87414.4124,53453,81614.0758
80,55288,87316.8536,58053,86541.55080000001
68,52835,87274.8325,54233,82462.57920000001
233,61339,86840.3262,48083,67073.4032
265,54182,86431.50200000001,35420,52279.6678
457,60110,86285.791,41872,60412.706799999985
662,56199,85905.0179,36342,54122.3299
137,54614,85902.5847,45734,68415.9824
456,57089,84902.7223,38209,55076.4977
853,50623,84281.6819,37546,55341.695199999995
112,58009,84155.236,37544,54864.7477
433,49130,84044.6183,34262,53579.7607
269,57527,83308.09790000002,50414,72549.1701
471,55723,83140.4877,32237,47520.2122
778,53499,82863.20530000002,5651,8957.8578
803,51738,82547.14919999999,47056,69348.0645
626,56867,82177.1623,29931,44261.25949999999
767,55764,81623.3457,70716,98778.2911
684,57598,81340.7013,34100,49791.4906
459,55659,80627.62529999999,71052,101222.36499999999
462,52572,80429.90019999999,44958,64576.81349999999
283,56586,80391.2074,64102,92086.7968
366,52539,79474.8752,44455,65004.77
477,54189,78382.99740000001,44371,63839.2347
19,50273,78224.05030000002,40338,59379.6774
104,54676,78172.19170000001,37095,54683.201499999996
219,58404,77246.23420000002,38145,52757.168
610,52174,76946.4491,27779,40879.3553
707,51400,76913.3284,60402,86306.77440000001
245,52871,76362.7383,59293,82806.04770000001
556,45712,74817.31550000001,36389,54279.016
739,50184,74497.8889,44380,65276.16369999998
144,46849,74450.4189,36013,53485.0855
757,53091,74219.8708,59488,82338.46199999997
441,50766,74219.52850000001,47875,67370.8716
288,51017,74171.361,38143,54994.2124
143,48890,73381.9331,36124,53005.3873
0,51495,73343.35690000001,23806,34254.8373
62,43718,73138.71040000001,46103,70270.16500000001
308,53969,72989.58529999999,53049,74871.09380000002
267,49362,72936.97219999999,63471,92208.9586
454,50045,72774.3807,34642,50173.386300000006
118,54574,72351.0704,38333,54612.75919999999
621,47792,71966.9382,39261,57137.081000000006
693,43198,71260.30380000001,33967,50477.649099999995
170,44255,71032.21959999998,39805,58779.8011
192,51174,70783.7741,37477,51263.0265
4,43931,70783.6539,43560,64079.5174
496,47217,70670.3931,32009,47167.6856
73,45748,70100.14920000001,73501,106965.3676
100,46172,69210.90860000001,22302,33235.7122
294,52642,69152.69679999999,21610,30888.2758
103,49760,68940.1802,22142,31920.314300000005
201,49175,68450.12389999999,17733,24950.6912
127,48291,68333.4977,25235,36981.3113
412,43428,68327.6388,36630,55095.426699999996
779,45983,68314.6124,43973,63536.3417
784,49392,68239.7177,38773,57570.336299999995
34,42465,67729.58110000001,67167,96891.3534
639,45142,67693.3192,47297,65011.1498
226,47745,67641.2817,34773,48812.775400000006
495,44797,67494.1377,37667,55619.505000000005
5,42847,67423.7192,33402,48392.98679999999
270,45992,67271.0984,28616,41411.770599999996
749,45432,66989.26870000002,24241,36177.3196
769,46652,66714.8091,32078,45534.20020000001
291,44780,66622.2046,37667,53066.9681
261,43889,66497.2954,52218,74398.5965
188,45788,66048.57639999999,54108,75640.0405
400,43838,65766.0616,54511,81014.6849
528,40126,65762.6153,32760,47539.7637
152,43165,65594.2233,30998,45650.0702
10,40479,65593.5395,34650,51732.481900000006
305,46139,65202.98470000001,40176,59673.945999999996
70,43921,64702.4365,27713,40066.3132
111,44983,64580.501399999994,36966,54169.458199999994
160,42625,64517.3782,46853,67896.449
342,39913,63912.5023,37018,55079.7503
69,41741,63714.24680000001,54034,80651.5139
153,38952,63697.8747,43949,64884.34459999999
831,42429,63542.4136,27482,39676.3668
58,36871,63361.544299999994,40190,61058.819800000005
705,42771,63117.0083,28844,41663.1215
701,41871,63105.160800000005,29378,43701.3398
235,47291,62786.49760000001,30130,41392.75709999999
709,41621,62218.96910000001,42419,61563.5494
472,41346,62117.55999999999,28960,41923.9789
350,40326,61707.959,37102,54282.748
44,41643,61445.479,31734,46627.18799999999
158,44545,60776.090399999994,43273,62153.25359999999
748,39118,60775.30470000001,21275,32587.359500000002
695,43129,60659.55990000001,33836,49306.3724
310,41498,60321.77420000001,33846,49688.526600000005
850,35610,60259.64409999999,14742,24429.777099999992
138,37875,59505.84720000001,34030,50570.811799999996
726,40733,59441.776,30142,44153.764200000005
96,39974,59040.2881,36535,52488.1777
421,34875,58995.9298,32467,48818.9822
301,39963,58971.23769999999,17653,25552.3587
488,38119,58830.969000000005,29964,44527.8367
166,37607,58769.6922,45507,67648.8839
485,38300,58749.8116,37804,54683.575300000004
788,36919,58740.1823,16738,25556.342200000003
169,37608,58570.90630000001,31190,47355.174100000004
703,40909,58349.507999999994,20479,29641.8574
76,43701,58343.574799999995,23053,32842.7192
637,35943,58249.465099999994,46331,66933.9051
159,37706,57972.929299999996,35285,51986.5099
230,40512,57889.2015,27368,38567.191999999995
293,38623,57754.590299999996,41388,59352.717300000004
777,38026,57723.75520000001,30707,45761.5078
194,38852,57484.2911,33566,47297.5332
657,38220,57376.427899999995,20760,30432.9365
316,37173,56966.960600000006,35780,51173.422000000006
487,38849,56799.5656,34778,50967.84
343,34304,56787.760200000004,36154,54617.6609
821,39184,56410.8127,37966,54595.254
64,34660,56246.201400000005,28404,42764.5354
329,37989,55963.8834,32856,47755.07060000001
6,35453,55736.618700000006,27942,41014.213299999996
191,37359,55602.65609999999,20427,28629.9697
33,36972,55186.11099999999,30002,43305.6827
824,38853,55093.8997,24319,35603.7971
136,36586,54979.4947,32790,48291.289099999995
86,36726,54760.04310000001,30599,44095.6852
792,34982,54658.273600000015,28172,42553.4831
743,34718,54617.5864,21462,32573.763
147,37641,54373.913100000005,24998,36517.732800000005
734,37824,54345.82180000001,34174,47857.02559999999
445,37069,54275.150200000004,36275,51409.149999999994
463,35062,54204.5744,25924,37919.7268
761,35266,54077.3926,25247,36337.498199999995
782,36751,53954.313299999994,27063,39458.735700000005
185,37662,53933.3479,20682,29158.9123
665,34961,53632.65639999999,16059,24501.331000000002
174,33744,53589.9685,48447,71209.14219999999
474,34260,53571.94180000001,26650,38751.499
417,35430,53162.2822,25943,38138.6656
499,33868,52973.08180000001,26280,38976.0202
648,34671,52760.6924,31672,45977.4091
730,36741,52658.636600000005,36627,51600.2645
218,37006,52646.9314,93588,127197.5305
724,34091,52441.2016,21459,33378.1443
38,34461,51986.062900000004,29611,43256.605599999995
818,35974,51565.525799999996,44649,63082.7549
319,35456,51536.469600000004,19973,29608.179600000003
268,36263,51269.8719,38636,55372.40690000001
102,35045,51189.337700000004,25382,37574.730200000005
484,35211,51183.7322,22078,32243.885700000003
811,34133,51144.21569999999,37960,55818.0027
663,34471,51111.74999999999,38834,58347.266500000005
732,35078,51091.9469,41972,61580.53599999999
297,33552,50872.9217,55736,78328.16649999999
607,28765,50866.0548,10834,16138.074999999997
762,33927,50430.9195,56004,78679.2061
755,38569,50364.778999999995,18420,25643.485900000003
781,33465,50276.71660000001,38151,54337.677500000005
20,34544,50116.0964,27391,40381.7941
171,32422,49970.20049999999,36160,53113.984
187,36915,49527.19359999999,25069,35156.428
605,29647,49525.5369,8547,12856.983999999997
519,30413,49273.655199999994,14464,22043.099599999998
466,32811,49006.2424,21554,31246.6767
85,33270,48939.6387,19644,28852.281100000004
432,31248,48882.9375,12955,19933.618599999998
490,33509,48617.00030000001,32401,47215.3724
719,28921,48167.45709999999,23698,34823.200899999996
253,33434,48135.5142,25882,37061.7492
379,29732,48080.8599,42527,64006.81570000001
328,30926,47735.8854,20578,30630.9057
439,27703,47608.56310000001,18616,27817.6191
449,32472,47494.364400000006,35958,51191.4342
15,31505,47443.87560000001,19431,28496.915600000004
108,33022,47317.0698,28522,41222.5605
1,28902,47114.422,24518,36111.2278
177,34566,47052.0135,27191,38241.3023
99,31446,46929.336200000005,42518,61584.878600000004
259,31585,46842.78369999999,27779,39922.895599999996
826,32123,46690.229,22742,33004.3575
361,32290,46678.8234,19290,28211.084400000007
251,31802,46652.6575,51895,72408.90759999999
164,30675,46529.97319999999,23727,35205.6284
696,30062,46341.04170000001,23217,34339.9057
220,32729,46273.3644,25200,34475.7282
190,31351,46188.4257,33125,45057.552800000005
481,30376,46039.35940000001,44835,63533.87009999999
808,30316,45952.41230000002,33958,50115.7947
386,32731,45768.595499999996,30377,44609.404699999985
649,30248,45737.3571,26245,38025.8295
247,33755,45720.41880000001,28230,39432.049100000004
807,30201,45629.2856,32545,48348.65579999999
825,30864,45515.7072,29022,42414.2035
416,28763,45509.270800000006,24615,36606.5534
717,31845,45391.2687,29948,41934.801200000016
823,31354,45367.9072,33889,49527.5686
410,29767,45355.755600000004,23532,34691.3149
785,27360,45347.48839999999,15788,24473.0511
157,29201,45345.8346,16827,25585.707300000002
13,28100,45058.95480000001,21696,32009.3447
156,27876,44853.6264,34041,52173.0083
223,31565,44849.746900000006,19906,28101.494500000008
211,31277,44561.171599999994,76839,104884.382
290,29381,44343.2908,35246,50296.1838
56,25333,44281.8305,29023,43913.5773
338,30752,44169.2797,25156,35988.1284
336,27378,44046.71000000001,16984,25210.5079
365,28335,44045.6171,28750,42300.9945
7,30725,43931.254400000005,11012,17501.7508
60,24998,43748.2138,18769,29240.2112
469,30342,43579.1291,32331,46493.5035
706,26784,43392.37480000001,27180,39072.8054
225,29857,43380.7633,43779,60942.7595
613,28099,43310.1398,18564,27960.3428
756,31100,42913.5921,8926,12494.7744
810,27955,42794.5717,22982,34029.5509
419,25630,42513.1816,25589,38006.971
27,29129,42411.4008,22459,33100.298800000004
652,29453,42390.1229,21901,31311.632600000004
114,34284,42385.00780000001,21608,31109.2545
624,26462,42215.4283,24610,37014.352000000006
346,26237,41581.0579,16642,24917.2279
722,24921,41482.49309999999,14951,22629.5589
149,27220,41161.0207,21003,30816.035300000003
339,25331,41090.988900000004,19003,28878.283300000003
716,28475,40795.18020000001,31169,45111.523199999996
389,27253,40727.8717,23720,35703.642199999995
849,23874,40461.72030000001,14487,22359.3183
723,23953,40421.1176,32043,47766.302500000005
776,25951,40252.53839999999,16138,24513.2863
249,29991,40055.6878,26981,37597.41499999999
444,28040,39945.77029999999,25191,36149.0253
661,27733,39701.3464,5770,9454.730599999999
486,25080,39661.158599999995,18500,28190.4027
685,28221,39610.5389,37820,54178.289600000004
3,25109,39425.6936,12797,19042.4248
278,29300,39328.5087,45005,63354.573599999996
134,27195,39236.594099999995,51850,74387.7663
504,25170,39232.9773,18183,27942.0487
794,25952,39054.64459999999,13373,20878.0896
688,28886,38670.4033,27650,39618.7027
518,24775,38513.19709999999,13851,20812.2566
627,23383,38407.0282,18217,26128.0645
287,24051,38242.924699999996,42778,61016.103
798,24236,38053.366200000004,10939,16672.980000000003
273,25983,38014.023799999995,17653,25835.3544
614,24689,38010.9668,12986,19235.9345
654,23833,37965.1568,17505,26115.2274
491,25963,37931.8782,12638,19097.1321
603,25380,37824.2438,44804,67625.0777
646,23090,37819.3344,20094,30190.869300000002
829,25408,37555.8665,28123,41341.3876
772,26255,37472.13219999999,30691,44140.6743
659,22883,37407.5308,19349,28948.7008
405,23737,37356.44090000001,28011,40858.073800000006
145,23282,37318.6106,26123,38307.5858
258,24887,37055.1443,28439,40343.0216
816,23695,37013.5659,59751,88337.3033
422,23312,36949.066900000005,10221,15771.266399999999
374,25084,36797.4028,22996,33462.4909
694,23364,36638.1317,22461,33218.0425
397,24895,36632.6169,12367,18470.603300000002
738,23903,36623.0425,17747,26192.707799999996
656,24309,36494.6965,5721,9151.509500000002
133,26383,36280.85959999999,17844,27159.6002
390,24267,36022.0682,10905,16292.6455
473,24553,36015.9127,12117,17093.7518
494,23807,36005.155399999996,15524,22489.521000000004
594,24690,35927.310600000004,45505,67537.75679999999
708,24623,35868.244,11750,17129.700100000002
126,24863,35834.5229,26678,38601.1304
653,24207,35812.817599999995,8879,12673.482
403,24890,35801.2691,20315,29117.114999999998
30,22829,35774.43669999999,6345,9068.244100000002
321,22487,35614.6528,21029,30741.635
42,22585,35522.9989,17577,25346.8592
248,25208,35294.5299,12150,17121.555699999997
625,23621,35255.999,8985,14436.3999
822,24224,35049.814,6542,9989.9033
32,21538,34984.478,17996,25962.6651
341,21969,34851.64980000001,16925,25423.097
700,20945,34779.5749,11202,16706.6197
559,21962,34694.89489999999,2866,4409.734
271,22724,34636.325000000004,26224,37890.4086
234,24572,34496.566,20085,27830.4329
59,20448,34457.4349,13486,20132.838900000002
322,22456,34354.3395,15109,22163.972700000002
370,22043,34318.3879,20463,29470.228900000002
141,21961,34293.2783,20053,30048.1254
812,22894,34227.1708,15745,23196.3287
352,23139,34200.8081,15152,22632.4451
106,21955,34154.5184,17755,26078.741599999998
81,24155,34126.5839,27634,40179.06960000001
88,22971,34030.7835,17117,25137.1413
369,21483,33982.1581,21761,32105.9884
482,23622,33884.9446,15335,22620.784799999998
801,23915,33791.80590000001,15884,23860.362399999998
376,23244,33592.728500000005,18793,27237.1146
25,22206,33460.0241,13465,19853.415100000002
644,21461,33259.8753,100406,137289.5465
750,20007,33017.347100000006,18976,29374.309
198,21842,32964.54639999999,22025,31282.8259
167,20914,32896.75980000001,30740,44945.3644
407,22085,32693.679799999994,17778,25628.176499999998
409,20935,32432.8841,20449,29820.3442
677,21245,32259.521300000008,14976,23269.515
90,22769,32122.809700000005,15172,22561.1939
435,19430,32114.8087,12264,19429.185899999997
814,19307,32000.5746,39560,58422.7829
43,22362,31927.7345,10780,15822.2052
75,20789,31837.973899999997,20385,30128.853499999997
612,20264,31795.18049999999,11926,17203.716299999996
197,21928,31783.946200000002,41366,58223.4306
82,20299,31770.559900000004,29807,43512.06399999999
608,18057,31588.9088,12343,18766.076
300,21140,31509.464799999994,23180,33130.00200000001
498,20079,31480.4674,9823,15154.022500000005
383,21018,31405.030800000008,20690,31191.751099999994
139,19109,31249.8985,16530,24474.3554
39,20490,31214.903299999998,16375,23925.1308
754,22323,31181.257599999997,24708,34327.6341
12,20651,31076.781799999997,20724,30749.652400000003
744,19838,30914.771399999998,9765,14370.0501
795,19862,30886.484900000003,18118,27725.626099999998
747,20755,30858.6402,16372,23870.325199999996
155,19563,30835.9967,13470,20489.589000000004
101,19157,30681.7528,20732,30567.7914
113,21304,30349.0107,9022,13614.6686
241,21494,29908.980099999997,36353,50989.47279999999
406,19548,29862.0892,11715,17285.5668
354,20541,29836.859899999992,14239,21079.2734
669,16207,29823.8129,15728,24766.737799999995
320,19287,29678.066799999993,12418,18064.1051
418,19036,29454.6459,16829,24633.687400000003
16,19057,29413.831100000003,14490,21867.298
237,21688,29392.628299999997,21350,29916.502
381,20213,29268.592299999997,38257,56780.21190000001
105,18723,29221.688799999996,20122,29147.840000000004
668,18236,29101.463699999997,19716,30170.2277
729,17210,29026.839499999995,18279,26280.114599999997
666,19285,28978.174699999996,4376,6716.713100000001
326,18866,28822.7973,10478,15419.306400000001
163,19216,28811.504099999995,22346,33112.2972
710,19443,28713.362699999998,22391,31971.8172
349,20103,28650.1782,11510,16854.9096
125,18555,28470.887900000005,14730,21770.0441
735,19557,28447.567799999997,3552,5310.308800000001
628,17896,28196.0551,60244,88702.2861
681,13988,28149.9306,16462,26698.734500000006
97,19016,28130.137699999996,11182,16652.1879
651,18769,28040.8068,23696,34027.940599999994
838,19471,27861.028600000005,24065,35653.4176
17,19133,27784.477,13406,19804.467200000003
92,18376,27294.623300000003,19739,28565.2916
844,18401,27251.8512,30562,44535.741
711,18597,27236.4921,31636,45587.4715
313,17821,27190.346200000004,12128,17642.1457
783,17798,27190.2365,7032,10434.036100000001
660,18317,27167.530900000005,17623,25867.1338
554,16994,27060.4879,26948,40509.713
834,15747,26937.4073,7502,11111.863000000001
387,17870,26811.889300000003,14903,22129.5397
46,16882,26796.8363,11665,16657.8431
50,17248,26795.9351,13076,19168.44
384,18461,26721.0163,6728,10083.238299999999
745,17596,26637.687799999996,32056,45790.965399999994
799,16139,26464.726899999998,11701,17687.2876
89,18276,26352.898200000003,19213,28469.1991
252,18103,26186.741499999996,15767,22104.427900000002
551,17905,26163.097499999996,11403,16582.2408
333,15622,26006.567900000002,17129,25332.572599999996
264,17609,25953.736999999997,29424,42779.397
752,14158,25727.517,13573,20267.095699999998
388,16585,25469.1375,19778,29251.0067
348,15863,25466.194799999997,16674,24102.8585
377,16098,25462.757500000003,14684,21505.964500000002
424,15003,25199.2428,17062,25815.3285
536,15527,25058.9994,40339,58025.6967
340,15866,24906.226300000002,11335,17329.5688
537,16756,24553.5248,6427,9032.5733
753,17206,24546.8155,20770,28850.5309
633,15712,24523.853700000003,10040,14852.9457
718,13955,24497.110399999998,5774,9164.6001
689,17825,24340.6045,14852,21495.799700000003
712,15700,24305.145599999996,15061,21917.7353
91,16066,24213.5185,15889,23199.692499999997
786,13159,24149.63,5956,8959.645
243,16508,23998.831,12376,17766.3329
766,13350,23990.4895,86102,120291.24919999999
124,17710,23630.4066,11368,16296.017
775,16607,23434.8586,20734,28968.216100000005
542,15619,23391.0688,10283,14096.0553
148,17006,23244.0091,15891,23048.5738
713,16183,23210.6749,12505,18275.1364
562,13596,23210.5335,24899,40125.6147
650,14681,23199.9199,9856,14393.8315
18,16243,23179.319499999998,14796,21795.7144
737,15111,23056.205,28564,42164.8047
431,14335,22944.295000000002,13751,21308.824299999993
429,14201,22835.475100000003,17359,26978.923300000002
673,13049,22507.6536,12369,18788.414699999998
552,11800,22345.942400000004,9776,14826.068700000002
836,12887,22340.2005,6093,9479.051
394,14230,22236.554,10139,15659.3365
200,15299,22125.852999999996,19781,27260.3045
507,14131,22068.7497,10008,15251.897599999997
107,15580,22045.6812,9789,14215.074900000001
796,15265,22032.5249,8743,13012.310099999999
833,14150,21830.7265,14378,20797.7952
634,13497,21827.829400000002,12768,18793.3335
344,12755,21798.6222,18275,27062.4976
196,14994,21763.620099999996,60917,84991.46919999999
314,14391,21736.906,12508,18196.462300000003
312,13738,21617.4277,16049,23477.928799999998
720,13931,21488.755,18614,27338.996000000003
453,14964,21456.7225,17379,25275.6555
360,14596,21325.1268,18755,27594.133600000012
21,13545,21104.900399999995,14383,21309.3414
820,13256,20845.571799999998,10295,15382.983299999998
692,13380,20655.3661,10693,15815.2064
398,14119,20568.173500000004,11544,17614.2992
250,13999,20221.691200000005,12024,16903.9545
691,12828,20207.0697,6312,9522.849900000001
609,13071,20203.9524,6664,9729.698999999999
347,10726,20088.4715,12075,17987.7462
26,13317,19928.114,7043,10628.6718
66,12091,19912.700699999998,10997,16496.1774
65,12420,19884.8244,13037,19490.510800000004
22,12429,19842.1764,6964,10723.8036
323,13194,19775.9922,8703,12665.604000000001
255,14079,19703.2686,15557,21694.0739
128,13841,19644.8028,9322,13896.284800000001
813,12742,19612.688299999998,6555,9541.7273
763,12826,19578.5503,22720,32504.0714
697,11847,19550.097299999998,12681,18541.1784
335,13048,19539.722700000002,11571,17356.6301
57,10921,19369.5005,7922,12519.9997
680,11542,19188.6038,10441,17120.477100000004
804,11639,19162.1253,7849,11697.5863
254,13127,19121.4422,10390,14535.768600000001
94,11973,19037.0436,15954,23347.7072
87,12848,18890.7619,9836,14282.984200000003
601,11161,18764.2274,10137,14989.505400000002
428,12058,18759.359600000003,14217,21597.0325
9,12481,18675.9075,12301,18160.7031
641,11629,18659.2221,11825,16923.4291
618,12590,18504.043599999997,16234,23579.3649
260,12403,18150.3806,32850,45899.56
843,12113,18086.1243,8627,13140.377299999998
521,11129,18054.5186,6153,9346.2351
604,10849,18030.4557,11533,17268.298600000002
315,11571,17997.770000000004,13176,18826.0308
790,10654,17913.980600000003,5177,7890.5062
154,11609,17911.864799999996,12249,17948.6637
327,11693,17839.5386,7891,11291.2354
699,11781,17786.0572,9589,14556.603599999999
373,11951,17737.938400000003,16019,23311.274299999997
687,12508,17494.365800000003,11603,17139.419100000003
835,9592,17429.831299999998,15659,24089.178200000002
45,10960,17363.5,10790,15834.0805
121,13011,17245.287800000002,11572,16437.7766
846,11311,17222.1842,6627,9932.631700000002
83,11365,17199.6194,12138,17509.869199999997
49,10923,17128.256,13653,20170.439200000004
643,11259,17032.3131,8961,12840.4791
793,9668,17030.4849,14984,22716.197500000002
47,10447,16974.737100000002,6888,9936.9021
509,9675,16734.356200000002,7399,11123.251499999997
534,10353,16683.0304,8080,13705.265899999999
351,10930,16624.0104,11022,16472.8671
555,9864,16464.349800000004,1787,2845.829799999999
438,11119,16158.988000000001,6985,11040.0032
503,9628,16017.0623,5031,7896.273400000001
500,9017,15781.1987,9810,15009.5336
480,11328,15684.246799999999,5952,8479.005699999998
414,11217,15606.9752,8441,12006.0936
263,9010,15344.906500000001,7976,11645.6576
334,9508,15051.0379,9814,14582.1664
616,9529,14987.162199999999,26140,36634.7928
682,10281,14829.9939,16871,24070.496300000006
142,9782,14800.035500000002,14648,21629.186
146,9665,14710.7573,24878,35958.6977
464,10627,14606.871700000002,3454,5227.4119
51,9015,14556.1709,6662,9841.8086
332,9557,14505.5233,5259,7788.9903
120,11062,14450.9296,8751,12505.915499999997
63,8513,14449.7145,10530,15463.4657
549,8175,14407.6446,8271,12219.7106
345,8096,14326.1614,1680,2607.9832
768,11083,13789.952800000006,11006,15289.890199999998
805,8605,13750.0248,6636,10058.281199999998
325,8831,13725.555499999999,6321,9434.7908
311,9274,13721.428400000003,8354,12089.2922
672,8431,13641.222399999999,4985,7733.5645
615,8999,13569.692700000001,7638,11291.766
61,7497,13525.0437,7347,11968.9091
173,8698,13455.045399999997,11766,17414.5406
647,8436,13262.145199999999,7775,10784.408000000001
558,8458,13192.532199999996,6089,9214.191200000003
759,8873,13120.43,12431,17367.455800000003
698,8157,13108.485600000002,10620,15315.835000000003
678,7631,13103.3419,11393,18344.9968
636,7273,13041.208699999997,3755,5740.414500000001
54,8252,12781.684,8371,12091.436699999998
330,8404,12735.2766,6163,9041.6587
31,8168,12682.856000000002,5346,7708.9006
95,7635,12262.0092,11342,16394.4464
212,7205,12195.875600000001,65102,89931.059
93,7879,12145.4506,4397,6520.572499999999
393,7211,12128.435800000001,13345,19910.7206
14,7811,12010.5656,7288,10572.5942
547,8156,11977.4188,6137,8642.1732
513,7254,11913.1743,4144,6342.450499999999
425,7110,11668.634900000001,8002,11917.3214
436,6724,11449.6512,10662,16719.4795
2,7569,11382.8547,12166,17960.191200000005
331,6663,11193.2509,4932,7361.338400000001
640,7348,11181.9331,6612,9312.9133
317,7271,10970.419100000001,12539,17904.790900000004
420,6816,10712.6231,3549,5537.957699999999
415,6374,10704.919899999999,6894,9836.6156
318,7189,10497.9857,5202,7736.773700000001
667,6723,10482.778,1897,3089.4439
423,5899,10473.762400000001,6627,10001.6582
408,7247,10303.6905,4083,5894.2415
839,6543,10271.501,6737,9855.96
378,6858,10069.3356,6151,9235.069500000001
209,6049,9927.3376,41452,57470.518500000006
602,5527,9610.1837,4762,7235.7896
600,5788,9450.254700000001,2332,3495.526999999999
538,6077,9377.878599999998,6594,9277.2312
514,5550,9283.693500000001,2854,4430.7657
392,5877,9271.6348,3853,5886.383599999999
396,6367,9162.4885,8670,13109.5348
721,5886,9159.6113,7723,11271.2607
800,5452,8978.6399,6708,10643.3135
676,5580,8913.416899999998,4642,7175.583199999999
52,5462,8734.5644,7161,10418.4955
845,5674,8678.6565,11077,16267.2859
402,5613,8567.426,3161,4594.1836
302,5624,8551.6865,6117,8805.3313
427,5406,8510.3569,1095,1778.542799999999
733,6112,8483.965,5704,7918.5367
679,5834,8321.236400000002,3867,6194.5711
789,4676,8134.5597,8140,12230.4853
841,5304,7736.8172,11444,16586.085900000002
675,4634,7726.1296,3055,4972.660700000001
517,4645,7707.7419,932,1498.6845
24,5222,7576.3673,3153,4569.4989000000005
508,4341,7536.3143,4178,6381.702299999999
203,4402,7530.7728,7349,10835.718999999997
742,4830,7495.9546,441,668.134
262,5149,7489.4205,4008,5899.1741
502,4138,7004.8987,3220,4912.955499999999
28,4279,6921.798900000002,4032,6079.576200000001
617,4694,6827.3236,5947,8531.467900000001
770,3972,6218.507200000001,4139,5914.018099999999
140,3956,5939.4831,440,708.8811000000001
357,3629,5901.3285000000005,6017,8691.856099999999
510,3246,5789.9144,3663,6020.746699999999
764,4052,5718.8945,3308,4638.7838
362,3287,5650.029500000001,3761,5372.4825
830,3443,5528.2618999999995,3886,5595.8962
355,3603,5502.5767000000005,3253,4860.299099999999
842,3848,5406.1633999999995,998,1483.1299
511,2393,5017.842900000001,1271,2050.3761999999997
840,2807,4706.8683,2264,3333.5269000000003
635,2739,4506.5964,4919,7291.777799999999
122,3177,4501.4339,6266,9211.093200000001
515,2558,4420.0471,2204,3290.2453999999993
131,3011,4268.9505,2455,3913.0929000000006
690,2719,4187.802199999999,4234,6117.1467999999995
563,1969,4172.8817,7324,10522.746000000003
74,2516,3931.0831,4885,7005.9347
815,2227,3756.312,24795,35781.0542
638,2177,3575.7387,1246,1831.601
599,1990,3422.4037000000003,1635,2422.5166
561,2000,3397.719,2018,3288.4565000000002
828,1592,3349.0897000000004,36610,52035.312
244,2125,3194.9615999999996,3116,4412.9839999999995
382,1612,3149.1874,6465,9395.1276
516,1919,3091.4791999999998,519,854.6296
413,1969,3031.6627,4611,6645.719700000001
674,1590,2802.7594,1642,2535.0844
664,1266,2757.6479000000004,1777,2696.1865000000003
751,1675,2604.9886,510,810.3561
368,1611,2534.7797,1769,2537.9794
129,1762,2420.411,1376,1989.0137000000002
832,1582,2407.7034,947,1411.4071000000001
98,1537,2249.1636,955,1374.7930999999999
520,1143,2238.7131,6690,10121.402199999999
670,1283,2091.928,748,1170.2485
852,1230,2031.764,620,1045.0951
553,1084,1910.1066000000003,2631,3877.6991
548,1224,1885.5402000000001,2436,3461.5922000000005
324,1225,1871.6847,3161,4287.435900000001
851,969,1838.9804999999994,4843,7319.360999999999
714,1198,1581.0085,204,310.3081
715,1066,1474.3264,1179,1756.791
787,601,1286.9634,10064,14971.539300000002
802,690,1261.5697,2830,4194.2325
115,743,1115.3053,318,446.4895
512,616,1070.9809,2708,4145.586199999999
671,408,924.6969,418,689.8480999999999
731,181,363.1553,10001,14160.289200000001
596,125,184.06849999999997,11615,17063.721100000002
848,52,59.0235,43,63.7967
478,15,20.0112,12991,18807.2307
