service_date,day_class,table,field,valid,missing,invalid,zero,negative,min,max,mean,std
2024-11-01,laboral,viajes,factor_expansion,1343047,0,0,563685,0,0.0,31.8002,0.9999998338851882,0.8716855207437803
2024-11-01,laboral,viajes,n_etapas,1343047,0,0,0,0,1.0,9.0,1.301457804529551,0.5335272958254504
2024-11-01,laboral,viajes,tviaje,0,1343047,0,0,0,,,,
2024-11-01,laboral,viajes,tviaje2,631420,711627,0,0,0,35.0,10326.0,1661.6065645687497,1090.7139013855992
2024-11-01,laboral,viajes,distancia_eucl,781095,561952,0,6,0,0.0,6321713.0,8378.651476463672,77603.28718033578
2024-11-01,laboral,viajes,distancia_ruta,1343047,0,0,584749,0,0.0,63965.0,5332.8317445331395,7124.262826491485
2024-11-01,laboral,viajes,tiempo_inicio_viaje,0,0,1343047,0,0,,,,
2024-11-01,laboral,viajes,tiempo_fin_viaje,0,561993,781054,0,0,,,,
2024-11-01,laboral,viajes,netapassinbajada,1343047,0,0,764416,0,0.0,4.0,0.44076938483910094,0.5164757190095133
2024-11-01,laboral,viajes,ultimaetapaconbajada,1343047,0,0,561952,0,0.0,1.0,0.5815842632461857,0.4932991060103161
2024-11-01,laboral,etapas,fExpansionServicioPeriodoTS,1751628,0,0,318689,0,0.0,52.1087,0.9982335710550414,0.6574625653441722
2024-11-01,laboral,etapas,fExpansionZonaPeriodoTS,1156753,594875,0,0,0,1.0004,14.006,1.5147131468861545,0.18672460675142616
2024-11-01,laboral,etapas,tiempo2,0,0,1751628,0,0,,,,
2024-11-01,laboral,etapas,tiempo_subida,0,0,1751628,0,0,,,,
2024-11-01,laboral,etapas,tiempo_bajada,0,593257,1158371,0,0,,,,
2024-11-01,laboral,etapas,tiempo_etapa,1158371,593257,0,5,0,0.0,10207.0,1141.0789582957445,791.0701137147845
2024-11-01,laboral,etapas,x_subida,1751628,0,0,0,696,-1.0,361068.0,346597.96085356025,8970.025155185907
2024-11-01,laboral,etapas,y_subida,1751628,0,0,0,696,-1.0,6316456.0,6293107.261691409,125641.44137637396
2024-11-01,laboral,etapas,x_bajada,1158371,593257,0,0,0,325724.0,361079.0,346929.2771814902,5592.619944380734
2024-11-01,laboral,etapas,y_bajada,1158371,593257,0,0,0,6270312.0,6312283.0,6295864.979015359,6317.265419690113
2024-11-01,laboral,etapas,dist_ruta_paraderos,1158371,593257,0,11274,0,0.0,52950.0,7403.534692253173,6147.6779432488365
2024-11-01,laboral,etapas,dist_eucl_paraderos,1158371,593257,0,0,0,7.0,6320125.0,16686.034736712158,258839.31145357343
2024-11-02,sabado,viajes,factor_expansion,1742429,0,0,649942,0,0.0,21.9012,0.9999994884153098,0.7927713653742056
2024-11-02,sabado,viajes,n_etapas,1742429,0,0,0,0,1.0,112.0,1.291359934895482,0.5315677246557974
2024-11-02,sabado,viajes,tviaje,0,1742429,0,0,0,,,,
2024-11-02,sabado,viajes,tviaje2,877838,864591,0,0,0,35.0,10965.0,1625.2669068780344,1060.7962867452643
2024-11-02,sabado,viajes,distancia_eucl,1094592,647837,0,8,0,0.0,6319672.0,8019.8017510919635,64774.08129049598
2024-11-02,sabado,viajes,distancia_ruta,1742429,0,0,681907,1719,-48066.0,62851.0,5651.4437965621555,7146.021373744091
2024-11-02,sabado,viajes,tiempo_inicio_viaje,0,0,1742429,0,0,,,,
2024-11-02,sabado,viajes,tiempo_fin_viaje,0,647872,1094557,0,0,,,,
2024-11-02,sabado,viajes,netapassinbajada,1742429,0,0,1070942,0,0.0,4.0,0.3949779302341731,0.5085457680188262
2024-11-02,sabado,viajes,ultimaetapaconbajada,1742429,0,0,647837,0,0.0,1.0,0.6281989108308,0.48328567044947296
2024-11-02,sabado,etapas,fExpansionServicioPeriodoTS,2255130,0,0,375669,0,0.0,76.8537,0.9963691054617692,0.6299543063874056
2024-11-02,sabado,etapas,fExpansionZonaPeriodoTS,1563002,692128,0,0,0,1.0003,27.5619,1.4429238447551573,0.18249155489133365
2024-11-02,sabado,etapas,tiempo2,0,0,2255130,0,0,,,,
2024-11-02,sabado,etapas,tiempo_subida,0,0,2255130,0,0,,,,
2024-11-02,sabado,etapas,tiempo_bajada,0,689923,1565207,0,0,,,,
2024-11-02,sabado,etapas,tiempo_etapa,1565207,689923,0,19,0,0.0,13327.0,1159.740958863588,789.6749070940089
2024-11-02,sabado,etapas,x_subida,2255130,0,0,0,739,-1.0,361072.0,346590.0966569555,8413.369988490487
2024-11-02,sabado,etapas,y_subida,2255130,0,0,0,739,-1.0,6312253.0,6293637.02631866,114133.17889042087
2024-11-02,sabado,etapas,x_bajada,1565207,689923,0,0,0,325721.0,361065.0,346893.59605726274,5460.274379351809
2024-11-02,sabado,etapas,y_bajada,1565207,689923,0,0,0,6270149.0,6312276.0,6295948.709761712,6223.211102773833
2024-11-02,sabado,etapas,dist_ruta_paraderos,1565207,689923,0,19610,2709,-50649.0,55012.0,7328.213194165372,6138.4257864272595
2024-11-02,sabado,etapas,dist_eucl_paraderos,1565207,689923,0,0,0,7.0,6319677.0,15341.882289690757,242156.5255691659
2024-11-03,domingo,viajes,factor_expansion,1106110,0,0,476733,0,0.0,16.0568,1.0000000327273053,0.9294994539565546
2024-11-03,domingo,viajes,n_etapas,1106110,0,0,0,0,1.0,8.0,1.286268092685176,0.5218975017581078
2024-11-03,domingo,viajes,tviaje,0,1106110,0,0,0,,,,
2024-11-03,domingo,viajes,tviaje2,507555,598555,0,0,0,35.0,10396.0,1614.4929574134824,1058.9708288596598
2024-11-03,domingo,viajes,distancia_eucl,631088,475022,0,7,0,0.0,6311688.5,7682.443307366918,51021.58676412221
2024-11-03,domingo,viajes,distancia_ruta,1106110,0,0,492964,0,0.0,61942.0,5146.752509244107,7005.296878314045
2024-11-03,domingo,viajes,tiempo_inicio_viaje,0,0,1106110,0,0,,,,
2024-11-03,domingo,viajes,tiempo_fin_viaje,0,475035,631075,0,0,,,,
2024-11-03,domingo,viajes,netapassinbajada,1106110,0,0,618399,0,0.0,4.0,0.4503033152218134,0.5163601433409694
2024-11-03,domingo,viajes,ultimaetapaconbajada,1106110,0,0,475022,0,0.0,1.0,0.5705472330961658,0.4949980685845908
2024-11-03,domingo,etapas,fExpansionServicioPeriodoTS,1426271,0,0,260686,0,0.0,94.9535,0.9973298036628384,0.6920329564935074
2024-11-03,domingo,etapas,fExpansionZonaPeriodoTS,925155,501116,0,0,0,1.0003,16.0084,1.5419994526322613,0.24793057281816455
2024-11-03,domingo,etapas,tiempo2,0,0,1426271,0,0,,,,
2024-11-03,domingo,etapas,tiempo_subida,0,0,1426271,0,0,,,,
2024-11-03,domingo,etapas,tiempo_bajada,0,499082,927189,0,0,,,,
2024-11-03,domingo,etapas,tiempo_etapa,927189,499082,0,3,0,0.0,11988.0,1136.131761701228,789.5619519903529
2024-11-03,domingo,etapas,x_subida,1426271,0,0,0,311,-1.0,361041.0,346548.0820636471,7632.014867621161
2024-11-03,domingo,etapas,y_subida,1426271,0,0,0,311,-1.0,6312255.0,6294185.111175225,93179.5477032363
2024-11-03,domingo,etapas,x_bajada,927189,499082,0,0,0,325723.0,361079.0,346879.9376696661,5594.831973994414
2024-11-03,domingo,etapas,y_bajada,927189,499082,0,0,0,6270253.0,6312285.0,6295784.033848546,6262.29802568514
2024-11-03,domingo,etapas,dist_ruta_paraderos,927189,499082,0,9904,0,0.0,54265.0,7410.875689853957,6158.805597140453
2024-11-03,domingo,etapas,dist_eucl_paraderos,927189,499082,0,0,0,10.0,6321533.0,21189.0164756053,308686.8275226875
2024-11-04,laboral,viajes,factor_expansion,3626787,0,0,982262,0,0.0,11.0025,1.0000003921377236,0.6215035863542709
2024-11-04,laboral,viajes,n_etapas,3626787,0,0,0,0,1.0,27.0,1.3347034165502414,0.5537877480474354
2024-11-04,laboral,viajes,tviaje,0,3626787,0,0,0,,,,
2024-11-04,laboral,viajes,tviaje2,2136445,1490342,0,0,0,35.0,12185.0,1715.552775755987,1137.446073268407
2024-11-04,laboral,viajes,distancia_eucl,2649412,977375,0,5,0,0.0,6319962.0,8442.854528206315,64414.46050089564
2024-11-04,laboral,viajes,distancia_ruta,3626787,0,0,1052746,13358,-48222.0,61968.0,6904.666664185132,7665.91074111951
2024-11-04,laboral,viajes,tiempo_inicio_viaje,0,0,3626787,0,0,,,,
2024-11-04,laboral,viajes,tiempo_fin_viaje,0,977430,2649357,0,0,,,,
2024-11-04,laboral,viajes,netapassinbajada,3626787,0,0,2590593,0,0.0,4.0,0.293680053446756,0.4730654414199034
2024-11-04,laboral,viajes,ultimaetapaconbajada,3626787,0,0,977375,0,0.0,1.0,0.7305121585579744,0.44369375109070813
2024-11-04,laboral,etapas,fExpansionServicioPeriodoTS,4848086,0,0,701571,0,0.0,200.882,0.9919360185029718,0.5791052534070446
2024-11-04,laboral,etapas,fExpansionZonaPeriodoTS,3774709,1073377,0,0,0,1.0002,28.0055,1.2844337362694713,0.15014679191674626
2024-11-04,laboral,etapas,tiempo2,0,0,4848086,0,0,,,,
2024-11-04,laboral,etapas,tiempo_subida,0,0,4848086,0,0,,,,
2024-11-04,laboral,etapas,tiempo_bajada,0,1067970,3780116,0,0,,,,
2024-11-04,laboral,etapas,tiempo_etapa,3780116,1067970,0,1011,0,0.0,10787.0,1235.6708087794132,843.0674510082628
2024-11-04,laboral,etapas,x_subida,4848086,0,0,0,1908,-1.0,540926.0,346851.23628458736,8917.537225005724
2024-11-04,laboral,etapas,y_subida,4848086,0,0,0,1908,-1.0,6330239.0,6293416.106660237,125047.21358785224
2024-11-04,laboral,etapas,x_bajada,3780116,1067970,0,0,0,325720.0,361069.0,347127.09598462057,5539.722066475132
2024-11-04,laboral,etapas,y_bajada,3780116,1067970,0,0,0,6270168.0,6312283.0,6296096.711338224,6338.0806865377235
2024-11-04,laboral,etapas,dist_ruta_paraderos,3780116,1067970,0,29966,18212,-50609.0,53123.0,7534.976848329522,6364.351454032325
2024-11-04,laboral,etapas,dist_eucl_paraderos,3780116,1067970,0,0,0,8.0,6322264.0,15584.148808396356,242449.8184909828
2024-11-05,laboral,viajes,factor_expansion,3670556,0,0,964022,0,0.0,8.0024,1.0000006466322813,0.6067874288119423
2024-11-05,laboral,viajes,n_etapas,3670556,0,0,0,0,1.0,69.0,1.3382223292601994,0.5574001560974297
2024-11-05,laboral,viajes,tviaje,0,3670556,0,0,0,,,,
2024-11-05,laboral,viajes,tviaje2,2180473,1490083,0,0,0,35.0,13796.0,1726.721320098896,1152.649434828075
2024-11-05,laboral,viajes,distancia_eucl,2711893,958663,0,6,0,0.0,6319896.0,8666.479625850427,71674.82467968707
2024-11-05,laboral,viajes,distancia_ruta,3670556,0,0,1037507,12705,-50668.0,74065.0,7046.87391337988,7715.262173834293
2024-11-05,laboral,viajes,tiempo_inicio_viaje,0,0,3670556,0,0,,,,
2024-11-05,laboral,viajes,tiempo_fin_viaje,0,958733,2711823,0,0,,,,
2024-11-05,laboral,viajes,netapassinbajada,3670556,0,0,2650519,0,0.0,4.0,0.2861719042019792,0.47044332906029795
2024-11-05,laboral,viajes,ultimaetapaconbajada,3670556,0,0,958663,0,0.0,1.0,0.7388234915909198,0.43927592679809113
2024-11-05,laboral,etapas,fExpansionServicioPeriodoTS,4920173,0,0,695186,0,0.0,151.1858,0.9916531999789439,0.569280088883123
2024-11-05,laboral,etapas,fExpansionZonaPeriodoTS,3861295,1058878,0,0,0,1.0005,27.6804,1.2744370543561165,0.142798876656345
2024-11-05,laboral,etapas,tiempo2,0,0,4920173,0,0,,,,
2024-11-05,laboral,etapas,tiempo_subida,0,0,4920173,0,0,,,,
2024-11-05,laboral,etapas,tiempo_bajada,0,1053369,3866804,0,0,,,,
2024-11-05,laboral,etapas,tiempo_etapa,3866804,1053369,0,987,0,0.0,11827.0,1241.8521572337258,843.3766850586106
2024-11-05,laboral,etapas,x_subida,4920173,0,0,0,3917,-1.0,361067.0,346760.13323129085,11310.053237938819
2024-11-05,laboral,etapas,y_subida,4920173,0,0,0,3917,-1.0,6312254.0,6290907.469477192,177691.9636322047
2024-11-05,laboral,etapas,x_bajada,3866804,1053369,0,0,0,325723.0,361069.0,347159.4966471018,5530.565850055097
2024-11-05,laboral,etapas,y_bajada,3866804,1053369,0,0,0,6270162.0,6312275.0,6296120.747734046,6322.11846293432
2024-11-05,laboral,etapas,dist_ruta_paraderos,3866804,1053369,0,32645,17888,-50668.0,55480.0,7563.783982068912,6373.636876298225
2024-11-05,laboral,etapas,dist_eucl_paraderos,3866804,1053369,0,0,0,8.0,6322264.0,16241.120753469791,250561.9640123332
2024-11-06,laboral,viajes,factor_expansion,3699952,0,0,979688,0,0.0,9.0021,0.9999998333762168,0.6100679601838871
2024-11-06,laboral,viajes,n_etapas,3699952,0,0,0,0,1.0,21.0,1.338915477822415,0.5566151785184783
2024-11-06,laboral,viajes,tviaje,0,3699952,0,0,0,,,,
2024-11-06,laboral,viajes,tviaje2,2194180,1505772,0,0,0,35.0,13120.0,1733.7344980812877,1157.133843513117
2024-11-06,laboral,viajes,distancia_eucl,2725522,974430,0,15,0,0.0,6320571.5,8720.61998535008,73990.93598292058
2024-11-06,laboral,viajes,distancia_ruta,3699952,0,0,1054836,12264,-47173.0,69250.0,7023.197540670798,7713.42963587622
2024-11-06,laboral,viajes,tiempo_inicio_viaje,0,0,3699952,0,0,,,,
2024-11-06,laboral,viajes,tiempo_fin_viaje,0,974488,2725464,0,0,,,,
2024-11-06,laboral,viajes,netapassinbajada,3699952,0,0,2663930,0,0.0,4.0,0.28815454903198745,0.4710099474277908
2024-11-06,laboral,viajes,ultimaetapaconbajada,3699952,0,0,974430,0,0.0,1.0,0.7366371239410674,0.4404575706840556
2024-11-06,laboral,etapas,fExpansionServicioPeriodoTS,4961991,0,0,695375,0,0.0,152.2393,0.9920946651253498,0.5701830352472593
2024-11-06,laboral,etapas,fExpansionZonaPeriodoTS,3887889,1074102,0,0,0,1.0002,17.0064,1.2766367566820966,0.1369914937778253
2024-11-06,laboral,etapas,tiempo2,0,0,4961991,0,0,,,,
2024-11-06,laboral,etapas,tiempo_subida,0,0,4961991,0,0,,,,
2024-11-06,laboral,etapas,tiempo_bajada,0,1069077,3892914,0,0,,,,
2024-11-06,laboral,etapas,tiempo_etapa,3892914,1069077,0,1192,0,0.0,12619.0,1242.2807737340204,842.9410844493308
2024-11-06,laboral,etapas,x_subida,4961991,0,0,0,4055,-1.0,361056.0,346766.41302372376,11426.054360457876
2024-11-06,laboral,etapas,y_subida,4961991,0,0,0,4055,-1.0,6312252.0,6290792.19992499,180027.17666054532
2024-11-06,laboral,etapas,x_bajada,3892914,1069077,0,0,0,325725.0,361075.0,347168.92259757087,5540.685253778287
2024-11-06,laboral,etapas,y_bajada,3892914,1069077,0,0,0,6270150.0,6312276.0,6296144.410598333,6320.228308771764
2024-11-06,laboral,etapas,dist_ruta_paraderos,3892914,1069077,0,35882,17259,-50664.0,54848.0,7541.109508712497,6367.159515964586
2024-11-06,laboral,etapas,dist_eucl_paraderos,3892914,1069077,0,0,0,10.0,6322264.0,16146.55698944287,249520.74246167307
2024-11-07,laboral,viajes,factor_expansion,3672340,0,0,985763,0,0.0,13.3787,0.9999995887091063,0.6161453933027712
2024-11-07,laboral,viajes,n_etapas,3672340,0,0,0,0,1.0,21.0,1.3342411105725505,0.5528264278237358
2024-11-07,laboral,viajes,tviaje,0,3672340,0,0,0,,,,
2024-11-07,laboral,viajes,tviaje2,2166135,1506205,0,0,0,35.0,12437.0,1732.6242385631551,1150.8902329747689
2024-11-07,laboral,viajes,distancia_eucl,2691831,980509,0,11,0,0.0,6321712.5,8553.09321646006,66611.56598066923
2024-11-07,laboral,viajes,distancia_ruta,3672340,0,0,1057052,12508,-50613.0,61222.0,6991.802844780167,7698.569684303988
2024-11-07,laboral,viajes,tiempo_inicio_viaje,0,0,3672340,0,0,,,,
2024-11-07,laboral,viajes,tiempo_fin_viaje,0,980574,2691766,0,0,,,,
2024-11-07,laboral,viajes,netapassinbajada,3672340,0,0,2632688,0,0.0,4.0,0.29039685867866266,0.4701414705031554
2024-11-07,laboral,viajes,ultimaetapaconbajada,3672340,0,0,980509,0,0.0,1.0,0.73300157392834,0.44239153082638955
2024-11-07,laboral,etapas,fExpansionServicioPeriodoTS,4907388,0,0,697837,0,0.0,135.4409,0.9916877257310809,0.5656488918423279
2024-11-07,laboral,etapas,fExpansionZonaPeriodoTS,3832473,1074915,0,0,0,1.0003,34.0089,1.2807011863097273,0.14303476920819777
2024-11-07,laboral,etapas,tiempo2,0,0,4907388,0,0,,,,
2024-11-07,laboral,etapas,tiempo_subida,0,0,4907388,0,0,,,,
2024-11-07,laboral,etapas,tiempo_bajada,0,1069185,3838203,0,0,,,,
2024-11-07,laboral,etapas,tiempo_etapa,3838203,1069185,0,1123,0,0.0,11911.0,1247.9019064390288,846.6910145664925
2024-11-07,laboral,etapas,x_subida,4907388,0,0,0,1089,-1.0,361068.0,346978.5392571364,7671.089404782981
2024-11-07,laboral,etapas,y_subida,4907388,0,0,0,1089,-1.0,6312254.0,6294546.381793329,94005.47134637796
2024-11-07,laboral,etapas,x_bajada,3838203,1069185,0,0,0,325723.0,361069.0,347170.1870385699,5526.821652295168
2024-11-07,laboral,etapas,y_bajada,3838203,1069185,0,0,0,6270161.0,6312284.0,6296150.487119623,6303.599724314275
2024-11-07,laboral,etapas,dist_ruta_paraderos,3838203,1069185,0,32478,17285,-50613.0,55207.0,7575.364513028623,6375.826424497637
2024-11-07,laboral,etapas,dist_eucl_paraderos,3838203,1069185,0,0,0,7.0,6322264.0,16784.763423925207,257128.9892162147
2024-11-08,laboral,viajes,factor_expansion,3636114,0,0,1074786,0,0.0,10.0031,0.9999998542949973,0.6629993641151984
2024-11-08,laboral,viajes,n_etapas,3636114,0,0,0,0,1.0,29.0,1.3289704338202817,0.5511991839265974
2024-11-08,laboral,viajes,tviaje,0,3636114,0,0,0,,,,
2024-11-08,laboral,viajes,tviaje2,2055326,1580788,0,0,0,35.0,13804.0,1715.0291408759485,1149.0717472553486
2024-11-08,laboral,viajes,distancia_eucl,2566175,1069939,0,12,0,0.0,6316216.5,8009.3011793595415,40853.93072727216
2024-11-08,laboral,viajes,distancia_ruta,3636114,0,0,1146442,12183,-50597.0,70910.0,6641.7617159418,7619.317723769474
2024-11-08,laboral,viajes,tiempo_inicio_viaje,0,0,3636114,0,0,,,,
2024-11-08,laboral,viajes,tiempo_fin_viaje,0,1070008,2566106,0,0,,,,
2024-11-08,laboral,viajes,netapassinbajada,3636114,0,0,2509607,0,0.0,4.0,0.31809591228437833,0.48362461545855473
2024-11-08,laboral,viajes,ultimaetapaconbajada,3636114,0,0,1069939,0,0.0,1.0,0.7057465745023396,0.45570642642007275
2024-11-08,laboral,etapas,fExpansionServicioPeriodoTS,4840021,0,0,720269,0,0.0,212.804,0.9919629067518507,0.5998662305402271
2024-11-08,laboral,etapas,fExpansionZonaPeriodoTS,3674959,1165062,0,0,0,1.0,13.0034,1.317107863434667,0.16103146637407786
2024-11-08,laboral,etapas,tiempo2,0,0,4840021,0,0,,,,
2024-11-08,laboral,etapas,tiempo_subida,0,0,4840021,0,0,,,,
2024-11-08,laboral,etapas,tiempo_bajada,0,1159400,3680621,0,0,,,,
2024-11-08,laboral,etapas,tiempo_etapa,3680621,1159400,0,1046,21,-1052.0,19649.0,1242.339482114567,846.2001608739309
2024-11-08,laboral,etapas,x_subida,4840021,0,0,0,526,-1.0,361066.0,346996.0651747172,6719.851663197743
2024-11-08,laboral,etapas,y_subida,4840021,0,0,0,526,-1.0,6312253.0,6295240.823563162,65955.47810976356
2024-11-08,laboral,etapas,x_bajada,3680621,1159400,0,0,0,325719.0,361068.0,347165.0882329368,5499.766248341125
2024-11-08,laboral,etapas,y_bajada,3680621,1159400,0,0,0,6270145.0,6312280.0,6296143.563869521,6287.304317282964
2024-11-08,laboral,etapas,dist_ruta_paraderos,3680621,1159400,0,35059,16732,-50597.0,54240.0,7513.497255218616,6368.211503058276
2024-11-08,laboral,etapas,dist_eucl_paraderos,3680621,1159400,0,0,0,7.0,6322264.0,16285.685209370919,251666.4845552432
2024-11-09,sabado,viajes,factor_expansion,2064870,0,0,762635,0,0.0,27.1159,1.0000005583886635,0.7844003407468488
2024-11-09,sabado,viajes,n_etapas,2064870,0,0,0,0,1.0,19.0,1.2894167671572545,0.5218831758538186
2024-11-09,sabado,viajes,tviaje,0,2064870,0,0,0,,,,
2024-11-09,sabado,viajes,tviaje2,1038412,1026458,0,0,0,35.0,12305.0,1643.3761994275876,1075.2591150342746
2024-11-09,sabado,viajes,distancia_eucl,1305278,759592,0,5,0,0.0,6316972.5,7994.4743362796535,58320.166330682565
2024-11-09,sabado,viajes,distancia_ruta,2064870,0,0,804225,2232,-48211.0,71653.0,5748.975093831573,7200.979976063561
2024-11-09,sabado,viajes,tiempo_inicio_viaje,0,0,2064870,0,0,,,,
2024-11-09,sabado,viajes,tiempo_fin_viaje,0,759634,1305236,0,0,,,,
2024-11-09,sabado,viajes,netapassinbajada,2064870,0,0,1277502,0,0.0,4.0,0.39085463007356397,0.5075587437934759
2024-11-09,sabado,viajes,ultimaetapaconbajada,2064870,0,0,759592,0,0.0,1.0,0.6321356792437296,0.48222418258606464
2024-11-09,sabado,etapas,fExpansionServicioPeriodoTS,2667384,0,0,439851,0,0.0,138.7018,0.995835862140584,0.6701979864451244
2024-11-09,sabado,etapas,fExpansionZonaPeriodoTS,1854965,812419,0,0,0,1.0003,10.2778,1.4382931480108787,0.18842729615922232
2024-11-09,sabado,etapas,tiempo2,0,0,2667384,0,0,,,,
2024-11-09,sabado,etapas,tiempo_subida,0,0,2667384,0,0,,,,
2024-11-09,sabado,etapas,tiempo_bajada,0,808681,1858703,0,0,,,,
2024-11-09,sabado,etapas,tiempo_etapa,1858703,808681,0,26,0,0.0,10586.0,1194.012485050059,802.4587980315761
2024-11-09,sabado,etapas,x_subida,2667384,0,0,0,786,-1.0,361038.0,346728.91375482496,8171.996529706796
2024-11-09,sabado,etapas,y_subida,2667384,0,0,0,786,-1.0,6312613.0,6293960.454249557,108251.05337182348
2024-11-09,sabado,etapas,x_bajada,1858703,808681,0,0,0,325721.0,361066.0,346963.86498596065,5429.984149967335
2024-11-09,sabado,etapas,y_bajada,1858703,808681,0,0,0,6270160.0,6312653.0,6296051.228657833,6174.661366600399
2024-11-09,sabado,etapas,dist_ruta_paraderos,1858703,808681,0,35701,3495,-48234.0,53869.0,7431.100512561717,6214.217900666053
2024-11-09,sabado,etapas,dist_eucl_paraderos,1858703,808681,0,0,0,7.0,6321533.0,19951.114712248273,294872.4955658731
2024-11-10,domingo,viajes,factor_expansion,1182013,0,0,510414,0,0.0,27.2103,1.0000000399318791,0.9089204927393157
2024-11-10,domingo,viajes,n_etapas,1182013,0,0,0,0,1.0,15.0,1.266762717499723,0.507722785849939
2024-11-10,domingo,viajes,tviaje,0,1182013,0,0,0,,,,
2024-11-10,domingo,viajes,tviaje2,519307,662706,0,0,0,35.0,11741.0,1611.6564382918004,1067.8872977729811
2024-11-10,domingo,viajes,distancia_eucl,674700,507313,0,2,0,0.0,6314042.0,7732.281061779798,53925.17775026819
2024-11-10,domingo,viajes,distancia_ruta,1182013,0,0,528283,0,0.0,64872.0,5100.019923638742,6902.4219035547685
2024-11-10,domingo,viajes,tiempo_inicio_viaje,0,0,1182013,0,0,,,,
2024-11-10,domingo,viajes,tiempo_fin_viaje,0,507348,674665,0,0,,,,
2024-11-10,domingo,viajes,netapassinbajada,1182013,0,0,661703,0,0.0,4.0,0.4491972592518018,0.5155509886740646
2024-11-10,domingo,viajes,ultimaetapaconbajada,1182013,0,0,507313,0,0.0,1.0,0.5708059048419941,0.4949611336655702
2024-11-10,domingo,etapas,fExpansionServicioPeriodoTS,1500391,0,0,268730,0,0.0,152.3579,0.9965447324730689,0.7070534767235067
2024-11-10,domingo,etapas,fExpansionZonaPeriodoTS,964113,536278,0,0,0,1.0003,16.6728,1.55639494872489,0.24235801515092437
2024-11-10,domingo,etapas,tiempo2,0,0,1500391,0,0,,,,
2024-11-10,domingo,etapas,tiempo_subida,0,0,1500391,0,0,,,,
2024-11-10,domingo,etapas,tiempo_bajada,0,531947,968444,0,0,,,,
2024-11-10,domingo,etapas,tiempo_etapa,968444,531947,0,5,0,0.0,21384.0,1158.0805570585392,789.5334596874103
2024-11-10,domingo,etapas,x_subida,1500391,0,0,0,293,-1.0,361062.0,346748.1397822301,7433.739332194457
2024-11-10,domingo,etapas,y_subida,1500391,0,0,0,293,-1.0,6312626.0,6294463.157605584,88204.25476225092
2024-11-10,domingo,etapas,x_bajada,968444,531947,0,0,0,325723.0,361072.0,347052.40214715566,5515.582564101759
2024-11-10,domingo,etapas,y_bajada,968444,531947,0,0,0,6270371.0,6312653.0,6295929.154936166,6153.14798370517
2024-11-10,domingo,etapas,dist_ruta_paraderos,968444,531947,0,16763,0,0.0,53854.0,7397.517036607176,6102.464999815586
2024-11-10,domingo,etapas,dist_eucl_paraderos,968444,531947,0,0,0,10.0,6320488.0,34622.0470589936,423218.41836886434
2024-11-11,laboral,viajes,factor_expansion,3541818,0,0,1004563,0,0.0,15.5061,0.9999988483033287,0.6422156616117176
2024-11-11,laboral,viajes,n_etapas,3541818,0,0,0,0,1.0,31.0,1.3264303812335925,0.5480360944056194
2024-11-11,laboral,viajes,tviaje,0,3541818,0,0,0,,,,
2024-11-11,laboral,viajes,tviaje2,2033820,1507998,0,0,0,35.0,13587.0,1716.4205849091857,1134.5502830526957
2024-11-11,laboral,viajes,distancia_eucl,2541999,999819,0,6,0,0.0,6321103.5,8279.80793852591,50738.64844617076
2024-11-11,laboral,viajes,distancia_ruta,3541818,0,0,1078442,12885,-48242.0,65567.0,6835.579476133444,7678.105337293098
2024-11-11,laboral,viajes,tiempo_inicio_viaje,0,0,3541818,0,0,,,,
2024-11-11,laboral,viajes,tiempo_fin_viaje,0,999871,2541947,0,0,,,,
2024-11-11,laboral,viajes,netapassinbajada,3541818,0,0,2484177,0,0.0,4.0,0.30723826012516736,0.4801593750890591
2024-11-11,laboral,viajes,ultimaetapaconbajada,3541818,0,0,999819,0,0.0,1.0,0.7177102267818392,0.4501136047206306
2024-11-11,laboral,etapas,fExpansionServicioPeriodoTS,4704552,0,0,704322,0,0.0,138.0,0.991087024694381,0.5818292647487121
2024-11-11,laboral,etapas,fExpansionZonaPeriodoTS,3608303,1096249,0,0,0,1.0002,20.6055,1.3038938045114277,0.1536975749214952
2024-11-11,laboral,etapas,tiempo2,0,0,4704552,0,0,,,,
2024-11-11,laboral,etapas,tiempo_subida,0,0,4704552,0,0,,,,
2024-11-11,laboral,etapas,tiempo_bajada,0,1090946,3613606,0,0,,,,
2024-11-11,laboral,etapas,tiempo_etapa,3613606,1090946,0,1234,2,-93.0,12533.0,1251.122521658421,850.100713473012
2024-11-11,laboral,etapas,x_subida,4704552,0,0,0,813,-1.0,361065.0,346957.67778015847,7258.635986658258
2024-11-11,laboral,etapas,y_subida,4704552,0,0,0,813,-1.0,6348948.0,6294814.432466896,83016.91700801485
2024-11-11,laboral,etapas,x_bajada,3613606,1090946,0,0,0,325718.0,361079.0,347163.67253319814,5485.387886213908
2024-11-11,laboral,etapas,y_bajada,3613606,1090946,0,0,0,6270141.0,6312649.0,6296112.5530110365,6326.149373705738
2024-11-11,laboral,etapas,dist_ruta_paraderos,3613606,1090946,0,44338,17161,-49949.0,54602.0,7643.327241818837,6417.725556412857
2024-11-11,laboral,etapas,dist_eucl_paraderos,3613606,1090946,0,0,0,7.0,6322264.0,15816.905967335675,244129.5458556062
2024-11-12,laboral,viajes,factor_expansion,3550376,0,0,991500,0,0.0,9.1099,0.9999999874942824,0.6347558625397547
2024-11-12,laboral,viajes,n_etapas,3550376,0,0,0,0,1.0,10.0,1.3253283595878296,0.5459993527438123
2024-11-12,laboral,viajes,tviaje,0,3550376,0,0,0,,,,
2024-11-12,laboral,viajes,tviaje2,2035989,1514387,0,0,0,35.0,13701.0,1714.9590032166186,1139.3316719232762
2024-11-12,laboral,viajes,distancia_eucl,2563829,986547,0,4,0,0.0,6319347.5,8812.936970781973,74316.72454222746
2024-11-12,laboral,viajes,distancia_ruta,3550376,0,0,1074279,12421,-50635.0,63483.0,6904.858915506414,7705.322016297318
2024-11-12,laboral,viajes,tiempo_inicio_viaje,0,0,3550376,0,0,,,,
2024-11-12,laboral,viajes,tiempo_fin_viaje,0,986567,2563809,0,0,,,,
2024-11-12,laboral,viajes,netapassinbajada,3550376,0,0,2498994,0,0.0,4.0,0.30591154289010514,0.48214799898335664
2024-11-12,laboral,viajes,ultimaetapaconbajada,3550376,0,0,986547,0,0.0,1.0,0.7221288674776981,0.4479495130403372
2024-11-12,laboral,etapas,fExpansionServicioPeriodoTS,4712293,0,0,709181,0,0.0,165.4755,0.9896566816834186,0.5847455859943276
2024-11-12,laboral,etapas,fExpansionZonaPeriodoTS,3618514,1093779,0,0,0,1.0002,21.008,1.3024442265526681,0.16158018132893442
2024-11-12,laboral,etapas,tiempo2,0,0,4712293,0,0,,,,
2024-11-12,laboral,etapas,tiempo_subida,0,0,4712293,0,0,,,,
2024-11-12,laboral,etapas,tiempo_bajada,0,1088648,3623645,0,0,,,,
2024-11-12,laboral,etapas,tiempo_etapa,3623645,1088648,0,1104,2,-654.0,16750.0,1260.3281623889757,848.833871582527
2024-11-12,laboral,etapas,x_subida,4712293,0,0,0,2660,-1.0,361065.0,346876.6707515853,9982.043534768827
2024-11-12,laboral,etapas,y_subida,4712293,0,0,0,2660,-1.0,6312712.0,6292374.028287714,149684.56812170468
2024-11-12,laboral,etapas,x_bajada,3623645,1088648,0,0,0,325718.0,361070.0,347209.1502887286,5459.199292341133
2024-11-12,laboral,etapas,y_bajada,3623645,1088648,0,0,0,6270159.0,6312658.0,6296129.532059018,6308.381423129668
2024-11-12,laboral,etapas,dist_ruta_paraderos,3623645,1088648,0,49669,16692,-50635.0,53931.0,7719.071165083777,6454.811828249517
2024-11-12,laboral,etapas,dist_eucl_paraderos,3623645,1088648,0,0,0,8.0,6322264.0,15997.607480865261,245698.01752454753
2024-11-13,laboral,viajes,factor_expansion,3600108,0,0,969107,0,0.0,13.3492,1.0000001784668682,0.6175099058095863
2024-11-13,laboral,viajes,n_etapas,3600108,0,0,0,0,1.0,36.0,1.335191610918339,0.5537905857335447
2024-11-13,laboral,viajes,tviaje,0,3600108,0,0,0,,,,
2024-11-13,laboral,viajes,tviaje2,2116609,1483499,0,0,0,35.0,12150.0,1729.3470773298234,1150.5452990520093
2024-11-13,laboral,viajes,distancia_eucl,2635885,964223,0,6,0,0.0,6317174.0,8349.903128941502,52767.61015755283
2024-11-13,laboral,viajes,distancia_ruta,3600108,0,0,1045926,12285,-48237.0,74030.0,7019.775747838676,7732.1975928727115
2024-11-13,laboral,viajes,tiempo_inicio_viaje,0,0,3600108,0,0,,,,
2024-11-13,laboral,viajes,tiempo_fin_viaje,0,964282,2635826,0,0,,,,
2024-11-13,laboral,viajes,netapassinbajada,3600108,0,0,2577263,0,0.0,4.0,0.29173874783756487,0.4714517808448815
2024-11-13,laboral,viajes,ultimaetapaconbajada,3600108,0,0,964223,0,0.0,1.0,0.7321683127283959,0.44282939668099014
2024-11-13,laboral,etapas,fExpansionServicioPeriodoTS,4814084,0,0,692046,0,0.0,175.002,0.9915182003056036,0.5834177269274977
2024-11-13,laboral,etapas,fExpansionZonaPeriodoTS,3755463,1058621,0,0,0,1.0001,11.376,1.2819222463115731,0.14454748287156274
2024-11-13,laboral,etapas,tiempo2,0,0,4814084,0,0,,,,
2024-11-13,laboral,etapas,tiempo_subida,0,0,4814084,0,0,,,,
2024-11-13,laboral,etapas,tiempo_bajada,0,1052944,3761140,0,0,,,,
2024-11-13,laboral,etapas,tiempo_etapa,3761140,1052944,0,928,0,0.0,8396.0,1247.764719473351,843.9241568275445
2024-11-13,laboral,etapas,x_subida,4814084,0,0,0,838,-1.0,361048.0,347026.69393762137,7270.7668746963855
2024-11-13,laboral,etapas,y_subida,4814084,0,0,0,838,-1.0,6312653.0,6294864.648165674,83316.7325809693
2024-11-13,laboral,etapas,x_bajada,3761140,1052944,0,0,0,325718.0,361070.0,347205.41341109347,5500.784997160992
2024-11-13,laboral,etapas,y_bajada,3761140,1052944,0,0,0,6270159.0,6312634.0,6296167.302387308,6312.133023367576
2024-11-13,laboral,etapas,dist_ruta_paraderos,3761140,1052944,0,48349,16588,-49944.0,52422.0,7619.453625230648,6412.513791549842
2024-11-13,laboral,etapas,dist_eucl_paraderos,3761140,1052944,0,0,0,8.0,6322264.0,15838.902196408535,244689.9247771328
2024-11-14,laboral,viajes,factor_expansion,3633098,0,0,978321,0,0.0,13.3105,0.999999669785951,0.6174109531117662
2024-11-14,laboral,viajes,n_etapas,3633098,0,0,0,0,1.0,22.0,1.34317846642177,0.559534395910146
2024-11-14,laboral,viajes,tviaje,0,3633098,0,0,0,,,,
2024-11-14,laboral,viajes,tviaje2,2141670,1491428,0,0,0,35.0,13321.0,1743.6708040921337,1158.5722220371595
2024-11-14,laboral,viajes,distancia_eucl,2659882,973216,0,6,0,0.0,6319577.0,8696.864413277166,71521.95400700264
2024-11-14,laboral,viajes,distancia_ruta,3633098,0,0,1053954,12413,-48115.0,68320.0,7012.397877513901,7729.379380670654
2024-11-14,laboral,viajes,tiempo_inicio_viaje,0,0,3633098,0,0,,,,
2024-11-14,laboral,viajes,tiempo_fin_viaje,0,973262,2659836,0,0,,,,
2024-11-14,laboral,viajes,netapassinbajada,3633098,0,0,2601364,0,0.0,4.0,0.2915935656015885,0.47135201605398075
2024-11-14,laboral,viajes,ultimaetapaconbajada,3633098,0,0,973216,0,0.0,1.0,0.7321250348875807,0.44285208385920394
2024-11-14,laboral,etapas,fExpansionServicioPeriodoTS,4887839,0,0,694134,0,0.0,149.4398,0.9914157259066838,0.5719316857169375
2024-11-14,laboral,etapas,fExpansionZonaPeriodoTS,3819740,1068099,0,0,0,1.0003,10.2039,1.2797017575279985,0.15289137780791087
2024-11-14,laboral,etapas,tiempo2,0,0,4887839,0,0,,,,
2024-11-14,laboral,etapas,tiempo_subida,0,0,4887839,0,0,,,,
2024-11-14,laboral,etapas,tiempo_bajada,0,1062332,3825507,0,0,,,,
2024-11-14,laboral,etapas,tiempo_etapa,3825507,1062332,0,938,1,-19.0,18780.0,1244.9907207070853,847.0880886119526
2024-11-14,laboral,etapas,x_subida,4887839,0,0,0,1572,-1.0,361064.0,346956.4189710422,8415.729745060227
2024-11-14,laboral,etapas,y_subida,4887839,0,0,0,1572,-1.0,6312651.0,6293908.772782205,113081.27310427139
2024-11-14,laboral,etapas,x_bajada,3825507,1062332,0,0,0,325720.0,361067.0,347196.44776600855,5521.850243466142
2024-11-14,laboral,etapas,y_bajada,3825507,1062332,0,0,0,6270142.0,6312659.0,6296141.023285802,6337.964818383146
2024-11-14,laboral,etapas,dist_ruta_paraderos,3825507,1062332,0,47038,17470,-48220.0,55553.0,7556.311064128232,6384.53460066485
2024-11-14,laboral,etapas,dist_eucl_paraderos,3825507,1062332,0,0,0,7.0,6322264.0,15954.37807014861,246864.33580605607
2024-11-15,laboral,viajes,factor_expansion,3615172,0,0,1069480,0,0.0,13.3124,0.9999989638943875,0.6635424492082255
2024-11-15,laboral,viajes,n_etapas,3615172,0,0,0,0,1.0,79.0,1.3344756487381513,0.558312459086842
2024-11-15,laboral,viajes,tviaje,0,3615172,0,0,0,,,,
2024-11-15,laboral,viajes,tviaje2,2045630,1569542,0,0,0,35.0,13057.0,1722.127050835195,1153.0658948264104
2024-11-15,laboral,viajes,distancia_eucl,2550601,1064571,0,8,0,0.0,6317735.0,8281.891166671567,57953.00988421205
2024-11-15,laboral,viajes,distancia_ruta,3615172,0,0,1144720,12216,-48219.0,70074.0,6639.665774131909,7621.774056843393
2024-11-15,laboral,viajes,tiempo_inicio_viaje,0,0,3615172,0,0,,,,
2024-11-15,laboral,viajes,tiempo_fin_viaje,0,1064649,2550523,0,0,,,,
2024-11-15,laboral,viajes,netapassinbajada,3615172,0,0,2493741,0,0.0,4.0,0.318686635103392,0.4842748665348369
2024-11-15,laboral,viajes,ultimaetapaconbajada,3615172,0,0,1064571,0,0.0,1.0,0.7055268739633965,0.45580555512063925
2024-11-15,laboral,etapas,fExpansionServicioPeriodoTS,4832617,0,0,714956,0,0.0,142.0,0.9917962041477728,0.5842695413649877
2024-11-15,laboral,etapas,fExpansionZonaPeriodoTS,3672458,1160159,0,0,0,1.0001,24.2363,1.316179152872545,0.15869326280171386
2024-11-15,laboral,etapas,tiempo2,0,0,4832617,0,0,,,,
2024-11-15,laboral,etapas,tiempo_subida,0,0,4832617,0,0,,,,
2024-11-15,laboral,etapas,tiempo_bajada,0,1155063,3677554,0,0,,,,
2024-11-15,laboral,etapas,tiempo_etapa,3677554,1155063,0,1042,2,-27.0,11293.0,1238.6036920192062,845.6336829719322
2024-11-15,laboral,etapas,x_subida,4832617,0,0,0,1152,-1.0,361066.0,346948.0134517178,7795.595756175089
2024-11-15,laboral,etapas,y_subida,4832617,0,0,0,1152,-1.0,6312630.0,6294402.066603871,97415.73625178103
2024-11-15,laboral,etapas,x_bajada,3677554,1155063,0,0,0,325720.0,361074.0,347167.2606561318,5498.124960763213
2024-11-15,laboral,etapas,y_bajada,3677554,1155063,0,0,0,6270156.0,6312594.0,6296110.865684909,6319.857845513616
2024-11-15,laboral,etapas,dist_ruta_paraderos,3677554,1155063,0,47578,16752,-49935.0,54476.0,7473.566471627609,6358.513274616744
2024-11-15,laboral,etapas,dist_eucl_paraderos,3677554,1155063,0,0,0,7.0,6322264.0,16009.326147216329,248515.6668379373
2024-11-16,sabado,viajes,factor_expansion,2051573,0,0,757462,0,0.0,17.5513,0.9999996239958314,0.7849499556354806
2024-11-16,sabado,viajes,n_etapas,2051573,0,0,0,0,1.0,138.0,1.2945208384005833,0.5393423317089747
2024-11-16,sabado,viajes,tviaje,0,2051573,0,0,0,,,,
2024-11-16,sabado,viajes,tviaje2,1034067,1017506,0,0,0,35.0,11580.0,1652.7982674236775,1080.6425974009267
2024-11-16,sabado,viajes,distancia_eucl,1297397,754176,0,5,0,0.0,6321549.5,7689.254341687014,38669.94859548265
2024-11-16,sabado,viajes,distancia_ruta,2051573,0,0,798643,2113,-48223.0,63274.0,5749.450856489143,7185.676496156332
2024-11-16,sabado,viajes,tiempo_inicio_viaje,0,0,2051573,0,0,,,,
2024-11-16,sabado,viajes,tiempo_fin_viaje,0,754223,1297350,0,0,,,,
2024-11-16,sabado,viajes,netapassinbajada,2051573,0,0,1269056,0,0.0,4.0,0.3909731703429515,0.5075427681456187
2024-11-16,sabado,viajes,ultimaetapaconbajada,2051573,0,0,754176,0,0.0,1.0,0.6323913406932145,0.48215405516230314
2024-11-16,sabado,etapas,fExpansionServicioPeriodoTS,2661105,0,0,434096,0,0.0,76.7723,0.9955622708235864,0.6471385418489743
2024-11-16,sabado,etapas,fExpansionZonaPeriodoTS,1853260,807845,0,0,0,1.0002,17.2923,1.4364117796747353,0.1857551366452309
2024-11-16,sabado,etapas,tiempo2,0,0,2661105,0,0,,,,
2024-11-16,sabado,etapas,tiempo_subida,0,0,2661105,0,0,,,,
2024-11-16,sabado,etapas,tiempo_bajada,0,804033,1857072,0,0,,,,
2024-11-16,sabado,etapas,tiempo_etapa,1857072,804033,0,28,0,0.0,17107.0,1192.8289673205993,802.8745853047549
2024-11-16,sabado,etapas,x_subida,2661105,0,0,0,300,-1.0,361064.0,346767.32085355517,6708.673994862781
2024-11-16,sabado,etapas,y_subida,2661105,0,0,0,300,-1.0,6312617.0,6295095.421481677,67153.7850495739
2024-11-16,sabado,etapas,x_bajada,1857072,804033,0,0,0,325722.0,361081.0,346940.49508096615,5453.09042820121
2024-11-16,sabado,etapas,y_bajada,1857072,804033,0,0,0,6270165.0,6312641.0,6296043.121721183,6167.8219704669655
2024-11-16,sabado,etapas,dist_ruta_paraderos,1857072,804033,0,34834,3374,-48232.0,54217.0,7403.316892398356,6191.977431747727
2024-11-16,sabado,etapas,dist_eucl_paraderos,1857072,804033,0,0,0,7.0,6321533.0,20989.919273458432,306072.5229783554
2024-11-17,domingo,viajes,factor_expansion,1191391,0,0,505448,0,0.0,11.0083,0.9999999279833405,0.8927376560948913
2024-11-17,domingo,viajes,n_etapas,1191391,0,0,0,0,1.0,6.0,1.285440296258743,0.521230866994359
2024-11-17,domingo,viajes,tviaje,0,1191391,0,0,0,,,,
2024-11-17,domingo,viajes,tviaje2,544669,646722,0,0,0,35.0,10904.0,1629.8342608079402,1078.9114627600122
2024-11-17,domingo,viajes,distancia_eucl,688254,503137,0,2,0,0.0,6315290.0,8094.833316653282,70989.39675362426
2024-11-17,domingo,viajes,distancia_ruta,1191391,0,0,524704,0,0.0,54317.0,5181.588799982542,6976.744765373199
2024-11-17,domingo,viajes,tiempo_inicio_viaje,0,0,1191391,0,0,,,,
2024-11-17,domingo,viajes,tiempo_fin_viaje,0,503161,688230,0,0,,,,
2024-11-17,domingo,viajes,netapassinbajada,1191391,0,0,674410,0,0.0,4.0,0.4433590651599685,0.5157238276330095
2024-11-17,domingo,viajes,ultimaetapaconbajada,1191391,0,0,503137,0,0.0,1.0,0.5776894403264755,0.49392747530559483
2024-11-17,domingo,etapas,fExpansionServicioPeriodoTS,1534904,0,0,281991,0,0.0,144.7383,0.9971322138713562,0.714290652404181
2024-11-17,domingo,etapas,fExpansionZonaPeriodoTS,1002630,532274,0,0,0,1.0004,19.3342,1.5309959340933346,0.2168652711023679
2024-11-17,domingo,etapas,tiempo2,0,0,1534904,0,0,,,,
2024-11-17,domingo,etapas,tiempo_subida,0,0,1534904,0,0,,,,
2024-11-17,domingo,etapas,tiempo_bajada,0,529212,1005692,0,0,,,,
2024-11-17,domingo,etapas,tiempo_etapa,1005692,529212,0,10,0,0.0,9375.0,1144.5399257426727,789.4212713076147
2024-11-17,domingo,etapas,x_subida,1534904,0,0,0,581,-1.0,362142.0,346615.75249592157,8804.28972368957
2024-11-17,domingo,etapas,y_subida,1534904,0,0,0,581,-1.0,6312613.0,6293242.706367956,122634.80287884355
2024-11-17,domingo,etapas,x_bajada,1005692,529212,0,0,0,325725.0,361073.0,346951.98001575033,5567.313674516716
2024-11-17,domingo,etapas,y_bajada,1005692,529212,0,0,0,6270291.0,6312586.0,6295826.843896541,6247.523318033715
2024-11-17,domingo,etapas,dist_ruta_paraderos,1005692,529212,0,16429,0,0.0,54231.0,7366.00373573619,6120.289911464296
2024-11-17,domingo,etapas,dist_eucl_paraderos,1005692,529212,0,0,0,11.0,6321330.0,25623.31593569403,350764.0891398986
2024-11-18,laboral,viajes,factor_expansion,3558808,0,0,983933,0,0.0,11.0036,1.000000449757335,0.6297720053893842
2024-11-18,laboral,viajes,n_etapas,3558808,0,0,0,0,1.0,43.0,1.3433045559074837,0.5611395599414282
2024-11-18,laboral,viajes,tviaje,0,3558808,0,0,0,,,,
2024-11-18,laboral,viajes,tviaje2,2075282,1483526,0,0,0,35.0,14433.0,1743.3818589473624,1158.2975831986632
2024-11-18,laboral,viajes,distancia_eucl,2580555,978253,0,9,0,0.0,6319933.0,8492.507569274732,63098.48569505279
2024-11-18,laboral,viajes,distancia_ruta,3558808,0,0,1057819,12793,-49664.0,81269.0,6916.173533666329,7717.622062428484
2024-11-18,laboral,viajes,tiempo_inicio_viaje,0,0,3558808,0,0,,,,
2024-11-18,laboral,viajes,tiempo_fin_viaje,0,978300,2580508,0,0,,,,
2024-11-18,laboral,viajes,netapassinbajada,3558808,0,0,2521547,0,0.0,4.0,0.2993527608120472,0.4753337538943307
2024-11-18,laboral,viajes,ultimaetapaconbajada,3558808,0,0,978253,0,0.0,1.0,0.7251177922495398,0.4464549021040009
2024-11-18,laboral,etapas,fExpansionServicioPeriodoTS,4787836,0,0,704300,0,0.0,178.3213,0.9913633776929704,0.5842052812386296
2024-11-18,laboral,etapas,fExpansionZonaPeriodoTS,3712916,1074920,0,0,0,1.0002,15.187,1.2895511786154064,0.15209699136700625
2024-11-18,laboral,etapas,tiempo2,0,0,4787836,0,0,,,,
2024-11-18,laboral,etapas,tiempo_subida,0,0,4787836,0,0,,,,
2024-11-18,laboral,etapas,tiempo_bajada,0,1068306,3719530,0,0,,,,
2024-11-18,laboral,etapas,tiempo_etapa,3719530,1068306,0,1033,0,0.0,15512.0,1243.25163206104,851.9686005611177
2024-11-18,laboral,etapas,x_subida,4787836,0,0,0,1200,-1.0,361068.0,346914.3724469677,7891.711912969034
2024-11-18,laboral,etapas,y_subida,4787836,0,0,0,1200,-1.0,6312651.0,6294304.559990568,99878.00690158375
2024-11-18,laboral,etapas,x_bajada,3719530,1068306,0,0,0,325718.0,361071.0,347151.1049815434,5529.528835880624
2024-11-18,laboral,etapas,y_bajada,3719530,1068306,0,0,0,6270146.0,6312652.0,6296078.42260178,6370.717152036339
2024-11-18,laboral,etapas,dist_ruta_paraderos,3719530,1068306,0,43694,17263,-50664.0,55566.0,7547.655726395539,6390.9404483536455
2024-11-18,laboral,etapas,dist_eucl_paraderos,3719530,1068306,0,0,0,9.0,6322264.0,17500.431039405517,265877.96063913725
2024-11-19,laboral,viajes,factor_expansion,3625203,0,0,966110,0,0.0,10.1641,1.000000039197805,0.6139603226054904
2024-11-19,laboral,viajes,n_etapas,3625203,0,0,0,0,1.0,51.0,1.3389349506772448,0.5571689264967524
2024-11-19,laboral,viajes,tviaje,0,3625203,0,0,0,,,,
2024-11-19,laboral,viajes,tviaje2,2129501,1495702,0,0,0,35.0,12539.0,1744.8214802434936,1165.3237442856562
2024-11-19,laboral,viajes,distancia_eucl,2665585,959618,0,6,0,0.0,6320362.0,8268.156919716874,47894.27358873217
2024-11-19,laboral,viajes,distancia_ruta,3625203,0,0,1040877,12745,-47178.0,62651.0,7051.25011454531,7727.490153365841
2024-11-19,laboral,viajes,tiempo_inicio_viaje,0,0,3625203,0,0,,,,
2024-11-19,laboral,viajes,tiempo_fin_viaje,0,959668,2665535,0,0,,,,
2024-11-19,laboral,viajes,netapassinbajada,3625203,0,0,2605097,0,0.0,4.0,0.28888009857654867,0.4698914867102165
2024-11-19,laboral,viajes,ultimaetapaconbajada,3625203,0,0,959618,0,0.0,1.0,0.7352926167169122,0.44117727108103416
2024-11-19,laboral,etapas,fExpansionServicioPeriodoTS,4861726,0,0,694352,0,0.0,180.1642,0.9910226061485162,0.5756619077997539
2024-11-19,laboral,etapas,fExpansionZonaPeriodoTS,3803664,1058062,0,0,0,1.0001,13.0011,1.2782887686977609,0.14956467976234736
2024-11-19,laboral,etapas,tiempo2,0,0,4861726,0,0,,,,
2024-11-19,laboral,etapas,tiempo_subida,0,0,4861726,0,0,,,,
2024-11-19,laboral,etapas,tiempo_bajada,0,1050157,3811569,0,0,,,,
2024-11-19,laboral,etapas,tiempo_etapa,3811569,1050157,0,1138,0,0.0,17108.0,1252.0373738478827,851.0024917213855
2024-11-19,laboral,etapas,x_subida,4861726,0,0,0,703,-1.0,361040.0,347004.81198405667,7035.4376518388235
2024-11-19,laboral,etapas,y_subida,4861726,0,0,0,703,-1.0,6312586.0,6295019.239867693,75986.56431397716
2024-11-19,laboral,etapas,x_bajada,3811569,1050157,0,0,0,325720.0,361077.0,347193.9379683275,5523.607065485877
2024-11-19,laboral,etapas,y_bajada,3811569,1050157,0,0,0,6270163.0,6312626.0,6296123.240902893,6345.200497964977
2024-11-19,laboral,etapas,dist_ruta_paraderos,3811569,1050157,0,44229,17483,-48241.0,55415.0,7587.5397283900675,6388.671846903852
2024-11-19,laboral,etapas,dist_eucl_paraderos,3811569,1050157,0,0,0,8.0,6322264.0,19717.101646592255,290541.9128028583
2024-11-20,laboral,viajes,factor_expansion,3655110,0,0,976129,0,0.0,16.4926,0.9999996614055392,0.6141369321511069
2024-11-20,laboral,viajes,n_etapas,3655110,0,0,0,0,1.0,13.0,1.3375983212543534,0.5557338330647792
2024-11-20,laboral,viajes,tviaje,0,3655110,0,0,0,,,,
2024-11-20,laboral,viajes,tviaje2,2152803,1502307,0,0,0,35.0,13099.0,1739.3398021091573,1156.8084459933277
2024-11-20,laboral,viajes,distancia_eucl,2685495,969615,0,9,0,0.0,6321545.5,8259.361182966082,49385.17804906294
2024-11-20,laboral,viajes,distancia_ruta,3655110,0,0,1054869,12015,-49956.0,65343.0,7008.374163021085,7697.060663564623
2024-11-20,laboral,viajes,tiempo_inicio_viaje,0,0,3655110,0,0,,,,
2024-11-20,laboral,viajes,tiempo_fin_viaje,0,969670,2685440,0,0,,,,
2024-11-20,laboral,viajes,netapassinbajada,3655110,0,0,2624404,0,0.0,4.0,0.28960441683013644,0.47049496561921195
2024-11-20,laboral,viajes,ultimaetapaconbajada,3655110,0,0,969615,0,0.0,1.0,0.7347234419757545,0.44148035719276874
2024-11-20,laboral,etapas,fExpansionServicioPeriodoTS,4897118,0,0,694407,0,0.0,142.1033,0.9914205450634432,0.5720920821376669
2024-11-20,laboral,etapas,fExpansionZonaPeriodoTS,3828318,1068800,0,0,0,1.0002,20.0079,1.2794309754309854,0.14754196941082476
2024-11-20,laboral,etapas,tiempo2,0,0,4897118,0,0,,,,
2024-11-20,laboral,etapas,tiempo_subida,0,0,4897118,0,0,,,,
2024-11-20,laboral,etapas,tiempo_bajada,0,1061358,3835760,0,0,,,,
2024-11-20,laboral,etapas,tiempo_etapa,3835760,1061358,0,1139,0,0.0,11204.0,1243.081799174088,845.060109243753
2024-11-20,laboral,etapas,x_subida,4897118,0,0,0,743,-1.0,361065.0,347011.3070056715,7094.976559936429
2024-11-20,laboral,etapas,y_subida,4897118,0,0,0,743,-1.0,6312644.0,6294975.137411432,77822.3851008761
2024-11-20,laboral,etapas,x_bajada,3835760,1061358,0,0,0,325718.0,361077.0,347198.3489506643,5515.756153270106
2024-11-20,laboral,etapas,y_bajada,3835760,1061358,0,0,0,6270144.0,6312611.0,6296127.741661887,6346.90644502304
2024-11-20,laboral,etapas,dist_ruta_paraderos,3835760,1061358,0,53156,16075,-49985.0,55564.0,7546.652870096148,6369.600824653921
2024-11-20,laboral,etapas,dist_eucl_paraderos,3835760,1061358,0,0,0,8.0,6322264.0,19590.97829243748,289404.8771085303
2024-11-21,laboral,viajes,factor_expansion,3587955,0,0,967239,0,0.0,8.7289,1.0000007387773813,0.6179255054802485
2024-11-21,laboral,viajes,n_etapas,3587955,0,0,0,0,1.0,42.0,1.344318699649243,0.5604795721432547
2024-11-21,laboral,viajes,tviaje,0,3587955,0,0,0,,,,
2024-11-21,laboral,viajes,tviaje2,2112192,1475763,0,0,0,35.0,14556.0,1747.7018400789323,1159.7949877272927
2024-11-21,laboral,viajes,distancia_eucl,2626345,961610,0,7,0,0.0,6320970.5,8229.94391555231,45505.396568295895
2024-11-21,laboral,viajes,distancia_ruta,3587955,0,0,1042048,12275,-49942.0,66706.0,7025.526624776509,7734.520934216305
2024-11-21,laboral,viajes,tiempo_inicio_viaje,0,0,3587955,0,0,,,,
2024-11-21,laboral,viajes,tiempo_fin_viaje,0,961703,2626252,0,0,,,,
2024-11-21,laboral,viajes,netapassinbajada,3587955,0,0,2567307,0,0.0,4.0,0.2919328698381111,0.4711543381430652
2024-11-21,laboral,viajes,ultimaetapaconbajada,3587955,0,0,961610,0,0.0,1.0,0.7319893922861351,0.4429231557129404
2024-11-21,laboral,etapas,fExpansionServicioPeriodoTS,4830969,0,0,690891,0,0.0,159.254,0.9911445703129121,0.5660944557724289
2024-11-21,laboral,etapas,fExpansionZonaPeriodoTS,3774393,1056576,0,0,0,1.0001,25.0101,1.2800248939365875,0.13576444509192728
2024-11-21,laboral,etapas,tiempo2,0,0,4830969,0,0,,,,
2024-11-21,laboral,etapas,tiempo_subida,0,0,4830969,0,0,,,,
2024-11-21,laboral,etapas,tiempo_bajada,0,1050131,3780838,0,0,,,,
2024-11-21,laboral,etapas,tiempo_etapa,3780838,1050131,0,847,0,0.0,9054.0,1245.496861806827,851.7279018179937
2024-11-21,laboral,etapas,x_subida,4830969,0,0,0,832,-1.0,361062.0,347003.4434961185,7270.867334412859
2024-11-21,laboral,etapas,y_subida,4830969,0,0,0,832,-1.0,6312631.0,6294850.330490425,82877.30100680086
2024-11-21,laboral,etapas,x_bajada,3780838,1050131,0,0,0,325721.0,361069.0,347190.01541377866,5527.37313865862
2024-11-21,laboral,etapas,y_bajada,3780838,1050131,0,0,0,6270151.0,6312646.0,6296140.596947291,6340.199606232835
2024-11-21,laboral,etapas,dist_ruta_paraderos,3780838,1050131,0,45066,17712,-50652.0,52929.0,7556.076852274548,6380.824056748427
2024-11-21,laboral,etapas,dist_eucl_paraderos,3780838,1050131,0,0,0,9.0,6322264.0,17275.143946923938,263115.6584799283
2024-11-22,laboral,viajes,factor_expansion,3524474,0,0,1030643,0,0.0,17.4377,1.0000004891226324,0.6567766133142906
2024-11-22,laboral,viajes,n_etapas,3524474,0,0,0,0,1.0,29.0,1.3376798920916995,0.5574724546677291
2024-11-22,laboral,viajes,tviaje,0,3524474,0,0,0,,,,
2024-11-22,laboral,viajes,tviaje2,2005254,1519220,0,0,0,35.0,13023.0,1732.9339963914797,1157.6742494926648
2024-11-22,laboral,viajes,distancia_eucl,2499063,1025411,0,6,0,0.0,6321529.0,8276.096159008888,54472.881586150615
2024-11-22,laboral,viajes,distancia_ruta,3524474,0,0,1104084,11919,-48030.0,68481.0,6720.091516351093,7659.607147836642
2024-11-22,laboral,viajes,tiempo_inicio_viaje,0,0,3524474,0,0,,,,
2024-11-22,laboral,viajes,tiempo_fin_viaje,0,1025489,2498985,0,0,,,,
2024-11-22,laboral,viajes,netapassinbajada,3524474,0,0,2443184,0,0.0,4.0,0.31499537235910946,0.4822470072127942
2024-11-22,laboral,viajes,ultimaetapaconbajada,3524474,0,0,1025411,0,0.0,1.0,0.7090598483631884,0.4541959707024718
2024-11-22,laboral,etapas,fExpansionServicioPeriodoTS,4722466,0,0,700962,0,0.0,166.2439,0.9914534144449106,0.5767672784823666
2024-11-22,laboral,etapas,fExpansionZonaPeriodoTS,3603608,1118858,0,0,0,1.0002,13.5084,1.310580539281742,0.14462477269148905
2024-11-22,laboral,etapas,tiempo2,0,0,4722466,0,0,,,,
2024-11-22,laboral,etapas,tiempo_subida,0,0,4722466,0,0,,,,
2024-11-22,laboral,etapas,tiempo_bajada,0,1112850,3609616,0,0,,,,
2024-11-22,laboral,etapas,tiempo_etapa,3609616,1112850,0,917,1,-27.0,14749.0,1238.5909337724568,846.8750671940302
2024-11-22,laboral,etapas,x_subida,4722466,0,0,0,1154,-1.0,361069.0,346958.5258847814,7849.147747951439
2024-11-22,laboral,etapas,y_subida,4722466,0,0,0,1154,-1.0,6312649.0,6294375.238820565,98626.55676920105
2024-11-22,laboral,etapas,x_bajada,3609616,1112850,0,0,0,325724.0,361076.0,347175.03178121994,5517.606058333607
2024-11-22,laboral,etapas,y_bajada,3609616,1112850,0,0,0,6270163.0,6312652.0,6296115.938789057,6342.305564619226
2024-11-22,laboral,etapas,dist_ruta_paraderos,3609616,1112850,0,46723,16410,-49986.0,68481.0,7501.9931682483675,6364.823044364519
2024-11-22,laboral,etapas,dist_eucl_paraderos,3609616,1112850,0,0,0,7.0,6322264.0,16955.78809463389,259847.82750019102
2024-11-23,sabado,viajes,factor_expansion,1962841,0,0,721813,0,0.0,16.8637,0.9999999946506111,0.7823172441242219
2024-11-23,sabado,viajes,n_etapas,1962841,0,0,0,0,1.0,13.0,1.30360125960279,0.5327662908768438
2024-11-23,sabado,viajes,tviaje,0,1962841,0,0,0,,,,
2024-11-23,sabado,viajes,tviaje2,998064,964777,0,0,0,35.0,10791.0,1674.3603466310778,1094.9427164806798
2024-11-23,sabado,viajes,distancia_eucl,1243754,719087,0,3,0,0.0,6318423.5,7950.3910366128275,53526.8979836667
2024-11-23,sabado,viajes,distancia_ruta,1962841,0,0,761657,2126,-48214.0,60134.0,5789.424493374654,7236.324602343928
2024-11-23,sabado,viajes,tiempo_inicio_viaje,0,0,1962841,0,0,,,,
2024-11-23,sabado,viajes,tiempo_fin_viaje,0,719128,1243713,0,0,,,,
2024-11-23,sabado,viajes,netapassinbajada,1962841,0,0,1216909,0,0.0,4.0,0.38917518026167175,0.5063514708522491
2024-11-23,sabado,viajes,ultimaetapaconbajada,1962841,0,0,719087,0,0.0,1.0,0.6336498982851897,0.48180670884531945
2024-11-23,sabado,etapas,fExpansionServicioPeriodoTS,2563888,0,0,427512,0,0.0,140.0221,0.996088782778343,0.658719057816855
2024-11-23,sabado,etapas,fExpansionZonaPeriodoTS,1795502,768386,0,0,0,1.0002,18.3322,1.4281145305324088,0.17220816900820296
2024-11-23,sabado,etapas,tiempo2,0,0,2563888,0,0,,,,
2024-11-23,sabado,etapas,tiempo_subida,0,0,2563888,0,0,,,,
2024-11-23,sabado,etapas,tiempo_bajada,0,765432,1798456,0,0,,,,
2024-11-23,sabado,etapas,tiempo_etapa,1798456,765432,0,44,1,-21.0,11127.0,1183.8308832687594,804.0488710121372
2024-11-23,sabado,etapas,x_subida,2563888,0,0,0,544,-1.0,361068.0,346739.49822808173,7567.850949833867
2024-11-23,sabado,etapas,y_subida,2563888,0,0,0,544,-1.0,6312634.0,6294451.142346311,91927.2684517069
2024-11-23,sabado,etapas,x_bajada,1798456,765432,0,0,0,325720.0,361068.0,346951.9650511328,5485.145818796219
2024-11-23,sabado,etapas,y_bajada,1798456,765432,0,0,0,6270244.0,6312656.0,6296007.6215665,6228.711995042595
2024-11-23,sabado,etapas,dist_ruta_paraderos,1798456,765432,0,35171,3282,-48226.0,54241.0,7371.600361643543,6191.534316448065
2024-11-23,sabado,etapas,dist_eucl_paraderos,1798456,765432,0,0,0,10.0,6321662.0,16977.03734981562,261724.20324361805
2024-11-24,domingo,viajes,factor_expansion,1560864,0,0,612173,0,0.0,16.0047,0.9999988637062547,0.8307497736991633
2024-11-24,domingo,viajes,n_etapas,1560864,0,0,0,0,1.0,8.0,1.2823929567214056,0.5467892074655735
2024-11-24,domingo,viajes,tviaje,0,1560864,0,0,0,,,,
2024-11-24,domingo,viajes,tviaje2,725287,835577,0,0,0,35.0,11620.0,1516.544341757125,1075.5400770938538
2024-11-24,domingo,viajes,distancia_eucl,950770,610094,0,12,0,0.0,6319547.5,7060.89257128447,48208.832094245554
2024-11-24,domingo,viajes,distancia_ruta,1560864,0,0,714887,0,0.0,58066.0,4738.719102368945,6797.136880664432
2024-11-24,domingo,viajes,tiempo_inicio_viaje,0,0,1560864,0,0,,,,
2024-11-24,domingo,viajes,tiempo_fin_viaje,0,610320,950544,0,0,,,,
2024-11-24,domingo,viajes,netapassinbajada,1560864,0,0,925638,0,0.0,4.0,0.4196092676876397,0.5191152606656124
2024-11-24,domingo,viajes,ultimaetapaconbajada,1560864,0,0,610094,0,0.0,1.0,0.6091305840867622,0.48794519734995045
2024-11-24,domingo,etapas,fExpansionServicioPeriodoTS,2015003,0,0,270602,0,0.0,133.7366,0.9977819093073312,0.5903573045525077
2024-11-24,domingo,etapas,fExpansionZonaPeriodoTS,1354561,660442,0,0,0,1.0003,15.0068,1.4877660271482789,0.19181094655046615
2024-11-24,domingo,etapas,tiempo2,0,0,2015003,0,0,,,,
2024-11-24,domingo,etapas,tiempo_subida,0,0,2015003,0,0,,,,
2024-11-24,domingo,etapas,tiempo_bajada,0,658249,1356754,0,0,,,,
2024-11-24,domingo,etapas,tiempo_etapa,1356754,658249,0,65,0,0.0,9876.0,1141.2701816246717,821.7767219087933
2024-11-24,domingo,etapas,x_subida,2015003,0,0,0,403,-1.0,361065.0,346362.3894068644,7518.61371724883
2024-11-24,domingo,etapas,y_subida,2015003,0,0,0,403,-1.0,6312604.0,6294135.578950999,89255.68600882663
2024-11-24,domingo,etapas,x_bajada,1356754,658249,0,0,0,325723.0,361074.0,346560.1774757989,5614.213617820758
2024-11-24,domingo,etapas,y_bajada,1356754,658249,0,0,0,6270276.0,6312595.0,6295636.855242734,6189.190990524327
2024-11-24,domingo,etapas,dist_ruta_paraderos,1356754,658249,0,203002,0,0.0,54884.0,6427.0079690201765,6465.358695763344
2024-11-24,domingo,etapas,dist_eucl_paraderos,1356754,658249,0,0,0,9.0,6319797.0,16418.118201236186,260459.9580649873
2024-11-25,laboral,viajes,factor_expansion,3504683,0,0,970189,0,0.0,11.0027,1.000000304135923,0.6310527775710617
2024-11-25,laboral,viajes,n_etapas,3504683,0,0,0,0,1.0,19.0,1.3391031371453566,0.5564479691085567
2024-11-25,laboral,viajes,tviaje,0,3504683,0,0,0,,,,
2024-11-25,laboral,viajes,tviaje2,2043951,1460732,0,0,0,35.0,12428.0,1730.524583514967,1144.264468191401
2024-11-25,laboral,viajes,distancia_eucl,2540616,964067,0,5,0,0.0,6317476.5,8323.09372445158,52717.04591611728
2024-11-25,laboral,viajes,distancia_ruta,3504683,0,0,1041646,12317,-49960.0,65342.0,6927.008227848281,7708.239457531958
2024-11-25,laboral,viajes,tiempo_inicio_viaje,0,0,3504683,0,0,,,,
2024-11-25,laboral,viajes,tiempo_fin_viaje,0,964112,2540571,0,0,,,,
2024-11-25,laboral,viajes,netapassinbajada,3504683,0,0,2483744,0,0.0,4.0,0.29909409781141405,0.47496590664020805
2024-11-25,laboral,viajes,ultimaetapaconbajada,3504683,0,0,964067,0,0.0,1.0,0.7249203422962933,0.44655440835503823
2024-11-25,laboral,etapas,fExpansionServicioPeriodoTS,4700060,0,0,686195,0,0.0,190.0,0.9913732564690662,0.5742985717977269
2024-11-25,laboral,etapas,fExpansionZonaPeriodoTS,3641642,1058418,0,0,0,1.0002,32.6733,1.2908031032704472,0.14295825523248054
2024-11-25,laboral,etapas,tiempo2,0,0,4700060,0,0,,,,
2024-11-25,laboral,etapas,tiempo_subida,0,0,4700060,0,0,,,,
2024-11-25,laboral,etapas,tiempo_bajada,0,1051017,3649043,0,0,,,,
2024-11-25,laboral,etapas,tiempo_etapa,3649043,1051017,0,1156,0,0.0,16121.0,1240.1086454722513,846.6870991942715
2024-11-25,laboral,etapas,x_subida,4700060,0,0,0,851,-1.0,361054.0,346950.2651121475,7336.810392500555
2024-11-25,laboral,etapas,y_subida,4700060,0,0,0,851,-1.0,6312646.0,6294749.3527344335,84965.66115404358
2024-11-25,laboral,etapas,x_bajada,3649043,1051017,0,0,0,325722.0,361075.0,347165.8072881027,5520.061098336972
2024-11-25,laboral,etapas,y_bajada,3649043,1051017,0,0,0,6270151.0,6312599.0,6296096.402541982,6376.046070425425
2024-11-25,laboral,etapas,dist_ruta_paraderos,3649043,1051017,0,43983,16669,-49965.0,55249.0,7574.923925533352,6386.703228955415
2024-11-25,laboral,etapas,dist_eucl_paraderos,3649043,1051017,0,0,0,8.0,6322264.0,19645.086358258864,289802.3380520578
2024-11-26,laboral,viajes,factor_expansion,3578484,0,0,948737,0,0.0,11.2943,0.9999995286272064,0.6109717899292842
2024-11-26,laboral,viajes,n_etapas,3578484,0,0,0,0,1.0,49.0,1.3439942724349194,0.5610534351605639
2024-11-26,laboral,viajes,tviaje,0,3578484,0,0,0,,,,
2024-11-26,laboral,viajes,tviaje2,2120159,1458325,0,0,0,35.0,12317.0,1749.5417560664082,1164.42933214362
2024-11-26,laboral,viajes,distancia_eucl,2635265,943219,0,4,0,0.0,6319673.0,8597.194071092532,65038.45259508209
2024-11-26,laboral,viajes,distancia_ruta,3578484,0,0,1022277,12044,-49935.0,65901.0,7086.525515832962,7748.931613769618
2024-11-26,laboral,viajes,tiempo_inicio_viaje,0,0,3578484,0,0,,,,
2024-11-26,laboral,viajes,tiempo_fin_viaje,0,943260,2635224,0,0,,,,
2024-11-26,laboral,viajes,netapassinbajada,3578484,0,0,2576896,0,0.0,4.0,0.28715511931868354,0.46859412535607753
2024-11-26,laboral,viajes,ultimaetapaconbajada,3578484,0,0,943219,0,0.0,1.0,0.7364193887690988,0.4405744802119679
2024-11-26,laboral,etapas,fExpansionServicioPeriodoTS,4817522,0,0,674914,0,0.0,148.135,0.991577296481469,0.5448226317371803
2024-11-26,laboral,etapas,fExpansionZonaPeriodoTS,3780984,1036538,0,0,0,1.0002,17.6704,1.2742714629577905,0.1320614642415862
2024-11-26,laboral,etapas,tiempo2,0,0,4817522,0,0,,,,
2024-11-26,laboral,etapas,tiempo_subida,0,0,4817522,0,0,,,,
2024-11-26,laboral,etapas,tiempo_bajada,0,1030387,3787135,0,0,,,,
2024-11-26,laboral,etapas,tiempo_etapa,3787135,1030387,0,1047,0,0.0,13031.0,1244.8118799567483,848.248474784185
2024-11-26,laboral,etapas,x_subida,4817522,0,0,0,1214,-1.0,361065.0,346959.7148465539,7901.628363363425
2024-11-26,laboral,etapas,y_subida,4817522,0,0,0,1214,-1.0,6312586.0,6294332.16688642,100147.29617032385
2024-11-26,laboral,etapas,x_bajada,3787135,1030387,0,0,0,325718.0,361068.0,347181.9900624087,5531.256362423788
2024-11-26,laboral,etapas,y_bajada,3787135,1030387,0,0,0,6270146.0,6312605.0,6296118.389659202,6353.8305990363015
2024-11-26,laboral,etapas,dist_ruta_paraderos,3787135,1030387,0,44759,16758,-50649.0,55186.0,7565.602652136774,6380.376346940639
2024-11-26,laboral,etapas,dist_eucl_paraderos,3787135,1030387,0,0,0,8.0,6322264.0,16890.565308603997,258344.72670740186
2024-11-27,laboral,viajes,factor_expansion,3618599,0,0,975059,0,0.0,11.0865,1.0000001416017634,0.6179268731808057
2024-11-27,laboral,viajes,n_etapas,3618599,0,0,0,0,1.0,31.0,1.341151091900484,0.5587780591125097
2024-11-27,laboral,viajes,tviaje,0,3618599,0,0,0,,,,
2024-11-27,laboral,viajes,tviaje2,2116350,1502249,0,0,0,35.0,13537.0,1751.7534566588702,1166.0032239044594
2024-11-27,laboral,viajes,distancia_eucl,2650119,968480,0,12,0,0.0,6316216.5,8461.152845894785,58547.70268804968
2024-11-27,laboral,viajes,distancia_ruta,3618599,0,0,1051413,11973,-48209.0,68318.0,7030.978792344772,7734.356357247906
2024-11-27,laboral,viajes,tiempo_inicio_viaje,0,0,3618599,0,0,,,,
2024-11-27,laboral,viajes,tiempo_fin_viaje,0,968534,2650065,0,0,,,,
2024-11-27,laboral,viajes,netapassinbajada,3618599,0,0,2590459,0,0.0,4.0,0.29164325751485587,0.47117527771082796
2024-11-27,laboral,viajes,ultimaetapaconbajada,3618599,0,0,968480,0,0.0,1.0,0.7323605074781704,0.44272857888833783
2024-11-27,laboral,etapas,fExpansionServicioPeriodoTS,4861139,0,0,686472,0,0.0,132.0,0.9912185693928937,0.5711136189155241
2024-11-27,laboral,etapas,fExpansionZonaPeriodoTS,3795029,1066110,0,0,0,1.0001,15.0014,1.2811015835979118,0.1359435840620929
2024-11-27,laboral,etapas,tiempo2,0,0,4861139,0,0,,,,
2024-11-27,laboral,etapas,tiempo_subida,0,0,4861139,0,0,,,,
2024-11-27,laboral,etapas,tiempo_bajada,0,1058140,3802999,0,0,,,,
2024-11-27,laboral,etapas,tiempo_etapa,3802999,1058140,0,785,0,0.0,13170.0,1251.2914094902471,849.354744518114
2024-11-27,laboral,etapas,x_subida,4861139,0,0,0,872,-1.0,361082.0,347012.65674361505,7322.457692304809
2024-11-27,laboral,etapas,y_subida,4861139,0,0,0,872,-1.0,6312645.0,6294799.818535739,84570.40506630039
2024-11-27,laboral,etapas,x_bajada,3802999,1058140,0,0,0,325720.0,361075.0,347189.05447385076,5527.999908853025
2024-11-27,laboral,etapas,y_bajada,3802999,1058140,0,0,0,6270161.0,6312626.0,6296131.681291528,6336.79137803589
2024-11-27,laboral,etapas,dist_ruta_paraderos,3802999,1058140,0,50837,16712,-48228.0,55194.0,7572.790528737977,6381.3829685242235
2024-11-27,laboral,etapas,dist_eucl_paraderos,3802999,1058140,0,0,0,7.0,6322264.0,20126.573316479968,294919.64667246595
2024-11-28,laboral,viajes,factor_expansion,3602520,0,0,998804,0,0.0,11.2927,0.9999996299257189,0.6301321719461759
2024-11-28,laboral,viajes,n_etapas,3602520,0,0,0,0,1.0,38.0,1.3380716831551247,0.5571367538423299
2024-11-28,laboral,viajes,tviaje,0,3602520,0,0,0,,,,
2024-11-28,laboral,viajes,tviaje2,2075229,1527291,0,0,0,35.0,11997.0,1747.5839427841458,1163.5320189555223
2024-11-28,laboral,viajes,distancia_eucl,2611045,991475,0,5,0,0.0,6317981.0,8520.047068437356,62841.20532553968
2024-11-28,laboral,viajes,distancia_ruta,3602520,0,0,1073367,12070,-50096.0,70639.0,6938.3157689617265,7708.439369371263
2024-11-28,laboral,viajes,tiempo_inicio_viaje,0,0,3602520,0,0,,,,
2024-11-28,laboral,viajes,tiempo_fin_viaje,0,991525,2610995,0,0,,,,
2024-11-28,laboral,viajes,netapassinbajada,3602520,0,0,2551361,0,0.0,4.0,0.29945288298191264,0.47486590727308187
2024-11-28,laboral,viajes,ultimaetapaconbajada,3602520,0,0,991475,0,0.0,1.0,0.7247829297269689,0.44662359376029453
2024-11-28,laboral,etapas,fExpansionServicioPeriodoTS,4828015,0,0,685309,0,0.0,88.5647,0.9911082321409522,0.5569828180004326
2024-11-28,laboral,etapas,fExpansionZonaPeriodoTS,3737417,1090598,0,0,0,1.0002,12.0047,1.2920162377920368,0.13745894826680233
2024-11-28,laboral,etapas,tiempo2,0,0,4828015,0,0,,,,
2024-11-28,laboral,etapas,tiempo_subida,0,0,4828015,0,0,,,,
2024-11-28,laboral,etapas,tiempo_bajada,0,1081507,3746508,0,0,,,,
2024-11-28,laboral,etapas,tiempo_etapa,3746508,1081507,0,907,0,0.0,15875.0,1253.477632771637,856.280532140393
2024-11-28,laboral,etapas,x_subida,4828015,0,0,0,1237,-1.0,361063.0,347000.8895821575,7921.422099137763
2024-11-28,laboral,etapas,y_subida,4828015,0,0,0,1237,-1.0,6312636.0,6294338.363326336,100976.1506051754
2024-11-28,laboral,etapas,x_bajada,3746508,1081507,0,0,0,325724.0,361067.0,347204.59211030643,5516.796806382707
2024-11-28,laboral,etapas,y_bajada,3746508,1081507,0,0,0,6270144.0,6312655.0,6296153.0711974995,6319.3434525965595
2024-11-28,laboral,etapas,dist_ruta_paraderos,3746508,1081507,0,46990,16443,-50096.0,54617.0,7564.551692669547,6369.496351023969
2024-11-28,laboral,etapas,dist_eucl_paraderos,3746508,1081507,0,0,0,7.0,6322264.0,22360.545974277913,317932.2824035163
2024-11-29,laboral,viajes,factor_expansion,3620619,0,0,1081133,0,0.0,17.0043,1.0000004547841128,0.6677212203565407
2024-11-29,laboral,viajes,n_etapas,3620619,0,0,0,0,1.0,14.0,1.3254946184616498,0.5491315442503377
2024-11-29,laboral,viajes,tviaje,0,3620619,0,0,0,,,,
2024-11-29,laboral,viajes,tviaje2,2035095,1585524,0,0,0,35.0,13393.0,1722.2424284861395,1166.6734694844547
2024-11-29,laboral,viajes,distancia_eucl,2544827,1075792,0,10,0,0.0,6317190.5,8095.026357924715,50392.5932872498
2024-11-29,laboral,viajes,distancia_ruta,3620619,0,0,1157330,12204,-50593.0,70556.0,6554.593683290067,7574.311701150322
2024-11-29,laboral,viajes,tiempo_inicio_viaje,0,0,3620619,0,0,,,,
2024-11-29,laboral,viajes,tiempo_fin_viaje,0,1075863,2544756,0,0,,,,
2024-11-29,laboral,viajes,netapassinbajada,3620619,0,0,2488320,0,0.0,4.0,0.3212533547440369,0.4852887960154526
2024-11-29,laboral,viajes,ultimaetapaconbajada,3620619,0,0,1075792,0,0.0,1.0,0.7028706969719819,0.45699396091206973
2024-11-29,laboral,etapas,fExpansionServicioPeriodoTS,4807235,0,0,714624,0,0.0,156.0,0.9916916144103626,0.5766837862648415
2024-11-29,laboral,etapas,fExpansionZonaPeriodoTS,3635227,1172008,0,0,0,1.0001,11.3765,1.3224910278230213,0.1487344467257063
2024-11-29,laboral,etapas,tiempo2,0,0,4807235,0,0,,,,
2024-11-29,laboral,etapas,tiempo_subida,0,0,4807235,0,0,,,,
2024-11-29,laboral,etapas,tiempo_bajada,0,1165847,3641388,0,0,,,,
2024-11-29,laboral,etapas,tiempo_etapa,3641388,1165847,0,761,1,-1126.0,9169.0,1246.0465289609347,859.9073784109196
2024-11-29,laboral,etapas,x_subida,4807235,0,0,0,821,-1.0,361055.0,346977.51400794846,7245.753870074955
2024-11-29,laboral,etapas,y_subida,4807235,0,0,0,821,-1.0,6312578.0,6294848.0299629625,82530.76699290695
2024-11-29,laboral,etapas,x_bajada,3641388,1165847,0,0,0,325722.0,361070.0,347168.46669621585,5489.858341647682
2024-11-29,laboral,etapas,y_bajada,3641388,1165847,0,0,0,6270164.0,6312647.0,6296142.989459788,6286.1750759851975
2024-11-29,laboral,etapas,dist_ruta_paraderos,3641388,1165847,0,49305,16747,-50593.0,55711.0,7440.078447284387,6336.21153250155
2024-11-29,laboral,etapas,dist_eucl_paraderos,3641388,1165847,0,0,0,7.0,6322264.0,17022.790235207016,261233.20779601388
