service_date,day_class,table,field,empty,dash
2024-11-01,laboral,viajes,tipodia,0,0
2024-11-01,laboral,viajes,factor_expansion,0,0
2024-11-01,laboral,viajes,n_etapas,0,0
2024-11-01,laboral,viajes,tviaje,0,1343047
2024-11-01,laboral,viajes,tviaje2,0,711627
2024-11-01,laboral,viajes,distancia_eucl,0,561952
2024-11-01,laboral,viajes,distancia_ruta,0,0
2024-11-01,laboral,viajes,tiempo_inicio_viaje,0,0
2024-11-01,laboral,viajes,tiempo_fin_viaje,0,561993
2024-11-01,laboral,viajes,periodo_inicio_viaje,0,0
2024-11-01,laboral,viajes,periodo_fin_viaje,0,0
2024-11-01,laboral,viajes,comuna_inicio_viaje,0,0
2024-11-01,laboral,viajes,comuna_fin_viaje,0,0
2024-11-01,laboral,viajes,zona_inicio_viaje,0,647
2024-11-01,laboral,viajes,zona_fin_viaje,0,563433
2024-11-01,laboral,viajes,netapassinbajada,0,0
2024-11-01,laboral,viajes,ultimaetapaconbajada,0,0
2024-11-01,laboral,viajes,tipo_corte_etapa_viaje,0,0
2024-11-01,laboral,viajes,id_tarjeta,0,0
2024-11-01,laboral,viajes,id_viaje,0,0
2024-11-01,laboral,etapas,tipo_dia,0,0
2024-11-01,laboral,etapas,tipo_transporte,0,0
2024-11-01,laboral,etapas,fExpansionServicioPeriodoTS,0,0
2024-11-01,laboral,etapas,fExpansionZonaPeriodoTS,0,594875
2024-11-01,laboral,etapas,tiene_bajada,0,0
2024-11-01,laboral,etapas,tiempo2,0,0
2024-11-01,laboral,etapas,tiempo_subida,0,0
2024-11-01,laboral,etapas,tiempo_bajada,0,593257
2024-11-01,laboral,etapas,tiempo_etapa,0,593257
2024-11-01,laboral,etapas,x_subida,0,0
2024-11-01,laboral,etapas,y_subida,0,0
2024-11-01,laboral,etapas,x_bajada,0,593257
2024-11-01,laboral,etapas,y_bajada,0,593257
2024-11-01,laboral,etapas,dist_ruta_paraderos,0,593257
2024-11-01,laboral,etapas,dist_eucl_paraderos,0,593257
2024-11-01,laboral,etapas,comuna_subida,0,928
2024-11-01,laboral,etapas,comuna_bajada,0,595025
2024-11-01,laboral,etapas,zona_subida,0,928
2024-11-01,laboral,etapas,zona_bajada,0,595025
2024-11-01,laboral,etapas,periodoSubida,0,0
2024-11-01,laboral,etapas,periodoBajada,0,593257
2024-11-01,laboral,etapas,id_etapa,0,0
2024-11-01,laboral,etapas,correlativo_viajes,0,0
2024-11-02,sabado,viajes,tipodia,0,0
2024-11-02,sabado,viajes,factor_expansion,0,0
2024-11-02,sabado,viajes,n_etapas,0,0
2024-11-02,sabado,viajes,tviaje,0,1742429
2024-11-02,sabado,viajes,tviaje2,0,864591
2024-11-02,sabado,viajes,distancia_eucl,0,647837
2024-11-02,sabado,viajes,distancia_ruta,0,0
2024-11-02,sabado,viajes,tiempo_inicio_viaje,0,0
2024-11-02,sabado,viajes,tiempo_fin_viaje,0,647872
2024-11-02,sabado,viajes,periodo_inicio_viaje,0,0
2024-11-02,sabado,viajes,periodo_fin_viaje,0,0
2024-11-02,sabado,viajes,comuna_inicio_viaje,0,0
2024-11-02,sabado,viajes,comuna_fin_viaje,0,0
2024-11-02,sabado,viajes,zona_inicio_viaje,0,737
2024-11-02,sabado,viajes,zona_fin_viaje,0,649619
2024-11-02,sabado,viajes,netapassinbajada,0,0
2024-11-02,sabado,viajes,ultimaetapaconbajada,0,0
2024-11-02,sabado,viajes,tipo_corte_etapa_viaje,0,0
2024-11-02,sabado,viajes,id_tarjeta,0,0
2024-11-02,sabado,viajes,id_viaje,0,0
2024-11-02,sabado,etapas,tipo_dia,0,0
2024-11-02,sabado,etapas,tipo_transporte,0,0
2024-11-02,sabado,etapas,fExpansionServicioPeriodoTS,0,0
2024-11-02,sabado,etapas,fExpansionZonaPeriodoTS,0,692128
2024-11-02,sabado,etapas,tiene_bajada,0,0
2024-11-02,sabado,etapas,tiempo2,0,0
2024-11-02,sabado,etapas,tiempo_subida,0,0
2024-11-02,sabado,etapas,tiempo_bajada,0,689923
2024-11-02,sabado,etapas,tiempo_etapa,0,689923
2024-11-02,sabado,etapas,x_subida,0,0
2024-11-02,sabado,etapas,y_subida,0,0
2024-11-02,sabado,etapas,x_bajada,0,689923
2024-11-02,sabado,etapas,y_bajada,0,689923
2024-11-02,sabado,etapas,dist_ruta_paraderos,0,689923
2024-11-02,sabado,etapas,dist_eucl_paraderos,0,689923
2024-11-02,sabado,etapas,comuna_subida,0,1059
2024-11-02,sabado,etapas,comuna_bajada,0,691971
2024-11-02,sabado,etapas,zona_subida,0,1059
2024-11-02,sabado,etapas,zona_bajada,0,691971
2024-11-02,sabado,etapas,periodoSubida,0,0
2024-11-02,sabado,etapas,periodoBajada,0,689923
2024-11-02,sabado,etapas,id_etapa,0,0
2024-11-02,sabado,etapas,correlativo_viajes,0,0
2024-11-03,domingo,viajes,tipodia,0,0
2024-11-03,domingo,viajes,factor_expansion,0,0
2024-11-03,domingo,viajes,n_etapas,0,0
2024-11-03,domingo,viajes,tviaje,0,1106110
2024-11-03,domingo,viajes,tviaje2,0,598555
2024-11-03,domingo,viajes,distancia_eucl,0,475022
2024-11-03,domingo,viajes,distancia_ruta,0,0
2024-11-03,domingo,viajes,tiempo_inicio_viaje,0,0
2024-11-03,domingo,viajes,tiempo_fin_viaje,0,475035
2024-11-03,domingo,viajes,periodo_inicio_viaje,0,0
2024-11-03,domingo,viajes,periodo_fin_viaje,0,0
2024-11-03,domingo,viajes,comuna_inicio_viaje,0,0
2024-11-03,domingo,viajes,comuna_fin_viaje,0,0
2024-11-03,domingo,viajes,zona_inicio_viaje,0,318
2024-11-03,domingo,viajes,zona_fin_viaje,0,476598
2024-11-03,domingo,viajes,netapassinbajada,0,0
2024-11-03,domingo,viajes,ultimaetapaconbajada,0,0
2024-11-03,domingo,viajes,tipo_corte_etapa_viaje,0,0
2024-11-03,domingo,viajes,id_tarjeta,0,0
2024-11-03,domingo,viajes,id_viaje,0,0
2024-11-03,domingo,etapas,tipo_dia,0,0
2024-11-03,domingo,etapas,tipo_transporte,0,0
2024-11-03,domingo,etapas,fExpansionServicioPeriodoTS,0,0
2024-11-03,domingo,etapas,fExpansionZonaPeriodoTS,0,501116
2024-11-03,domingo,etapas,tiene_bajada,0,0
2024-11-03,domingo,etapas,tiempo2,0,0
2024-11-03,domingo,etapas,tiempo_subida,0,0
2024-11-03,domingo,etapas,tiempo_bajada,0,499082
2024-11-03,domingo,etapas,tiempo_etapa,0,499082
2024-11-03,domingo,etapas,x_subida,0,0
2024-11-03,domingo,etapas,y_subida,0,0
2024-11-03,domingo,etapas,x_bajada,0,499082
2024-11-03,domingo,etapas,y_bajada,0,499082
2024-11-03,domingo,etapas,dist_ruta_paraderos,0,499082
2024-11-03,domingo,etapas,dist_eucl_paraderos,0,499082
2024-11-03,domingo,etapas,comuna_subida,0,459
2024-11-03,domingo,etapas,comuna_bajada,0,501182
2024-11-03,domingo,etapas,zona_subida,0,459
2024-11-03,domingo,etapas,zona_bajada,0,501182
2024-11-03,domingo,etapas,periodoSubida,0,0
2024-11-03,domingo,etapas,periodoBajada,0,499082
2024-11-03,domingo,etapas,id_etapa,0,0
2024-11-03,domingo,etapas,correlativo_viajes,0,0
2024-11-04,laboral,viajes,tipodia,0,0
2024-11-04,laboral,viajes,factor_expansion,0,0
2024-11-04,laboral,viajes,n_etapas,0,0
2024-11-04,laboral,viajes,tviaje,0,3626787
2024-11-04,laboral,viajes,tviaje2,0,1490342
2024-11-04,laboral,viajes,distancia_eucl,0,977375
2024-11-04,laboral,viajes,distancia_ruta,0,0
2024-11-04,laboral,viajes,tiempo_inicio_viaje,0,0
2024-11-04,laboral,viajes,tiempo_fin_viaje,0,977430
2024-11-04,laboral,viajes,periodo_inicio_viaje,0,0
2024-11-04,laboral,viajes,periodo_fin_viaje,0,0
2024-11-04,laboral,viajes,comuna_inicio_viaje,0,0
2024-11-04,laboral,viajes,comuna_fin_viaje,0,0
2024-11-04,laboral,viajes,zona_inicio_viaje,0,1383
2024-11-04,laboral,viajes,zona_fin_viaje,0,981542
2024-11-04,laboral,viajes,netapassinbajada,0,0
2024-11-04,laboral,viajes,ultimaetapaconbajada,0,0
2024-11-04,laboral,viajes,tipo_corte_etapa_viaje,0,0
2024-11-04,laboral,viajes,id_tarjeta,0,0
2024-11-04,laboral,viajes,id_viaje,0,0
2024-11-04,laboral,etapas,tipo_dia,0,0
2024-11-04,laboral,etapas,tipo_transporte,0,0
2024-11-04,laboral,etapas,fExpansionServicioPeriodoTS,0,0
2024-11-04,laboral,etapas,fExpansionZonaPeriodoTS,0,1073377
2024-11-04,laboral,etapas,tiene_bajada,0,0
2024-11-04,laboral,etapas,tiempo2,0,0
2024-11-04,laboral,etapas,tiempo_subida,0,0
2024-11-04,laboral,etapas,tiempo_bajada,0,1067970
2024-11-04,laboral,etapas,tiempo_etapa,0,1067970
2024-11-04,laboral,etapas,x_subida,0,0
2024-11-04,laboral,etapas,y_subida,0,0
2024-11-04,laboral,etapas,x_bajada,0,1067970
2024-11-04,laboral,etapas,y_bajada,0,1067970
2024-11-04,laboral,etapas,dist_ruta_paraderos,0,1067970
2024-11-04,laboral,etapas,dist_eucl_paraderos,0,1067970
2024-11-04,laboral,etapas,comuna_subida,0,2573
2024-11-04,laboral,etapas,comuna_bajada,0,1073031
2024-11-04,laboral,etapas,zona_subida,0,2573
2024-11-04,laboral,etapas,zona_bajada,0,1073031
2024-11-04,laboral,etapas,periodoSubida,0,0
2024-11-04,laboral,etapas,periodoBajada,0,1067970
2024-11-04,laboral,etapas,id_etapa,0,0
2024-11-04,laboral,etapas,correlativo_viajes,0,0
2024-11-05,laboral,viajes,tipodia,0,0
2024-11-05,laboral,viajes,factor_expansion,0,0
2024-11-05,laboral,viajes,n_etapas,0,0
2024-11-05,laboral,viajes,tviaje,0,3670556
2024-11-05,laboral,viajes,tviaje2,0,1490083
2024-11-05,laboral,viajes,distancia_eucl,0,958663
2024-11-05,laboral,viajes,distancia_ruta,0,0
2024-11-05,laboral,viajes,tiempo_inicio_viaje,0,0
2024-11-05,laboral,viajes,tiempo_fin_viaje,0,958733
2024-11-05,laboral,viajes,periodo_inicio_viaje,0,0
2024-11-05,laboral,viajes,periodo_fin_viaje,0,0
2024-11-05,laboral,viajes,comuna_inicio_viaje,0,0
2024-11-05,laboral,viajes,comuna_fin_viaje,0,0
2024-11-05,laboral,viajes,zona_inicio_viaje,0,1481
2024-11-05,laboral,viajes,zona_fin_viaje,0,963331
2024-11-05,laboral,viajes,netapassinbajada,0,0
2024-11-05,laboral,viajes,ultimaetapaconbajada,0,0
2024-11-05,laboral,viajes,tipo_corte_etapa_viaje,0,0
2024-11-05,laboral,viajes,id_tarjeta,0,0
2024-11-05,laboral,viajes,id_viaje,0,0
2024-11-05,laboral,etapas,tipo_dia,0,0
2024-11-05,laboral,etapas,tipo_transporte,0,0
2024-11-05,laboral,etapas,fExpansionServicioPeriodoTS,0,0
2024-11-05,laboral,etapas,fExpansionZonaPeriodoTS,0,1058878
2024-11-05,laboral,etapas,tiene_bajada,0,0
2024-11-05,laboral,etapas,tiempo2,0,0
2024-11-05,laboral,etapas,tiempo_subida,0,0
2024-11-05,laboral,etapas,tiempo_bajada,0,1053369
2024-11-05,laboral,etapas,tiempo_etapa,0,1053369
2024-11-05,laboral,etapas,x_subida,0,0
2024-11-05,laboral,etapas,y_subida,0,0
2024-11-05,laboral,etapas,x_bajada,0,1053369
2024-11-05,laboral,etapas,y_bajada,0,1053369
2024-11-05,laboral,etapas,dist_ruta_paraderos,0,1053369
2024-11-05,laboral,etapas,dist_eucl_paraderos,0,1053369
2024-11-05,laboral,etapas,comuna_subida,0,4419
2024-11-05,laboral,etapas,comuna_bajada,0,1059073
2024-11-05,laboral,etapas,zona_subida,0,4419
2024-11-05,laboral,etapas,zona_bajada,0,1059073
2024-11-05,laboral,etapas,periodoSubida,0,0
2024-11-05,laboral,etapas,periodoBajada,0,1053369
2024-11-05,laboral,etapas,id_etapa,0,0
2024-11-05,laboral,etapas,correlativo_viajes,0,0
2024-11-06,laboral,viajes,tipodia,0,0
2024-11-06,laboral,viajes,factor_expansion,0,0
2024-11-06,laboral,viajes,n_etapas,0,0
2024-11-06,laboral,viajes,tviaje,0,3699952
2024-11-06,laboral,viajes,tviaje2,0,1505772
2024-11-06,laboral,viajes,distancia_eucl,0,974430
2024-11-06,laboral,viajes,distancia_ruta,0,0
2024-11-06,laboral,viajes,tiempo_inicio_viaje,0,0
2024-11-06,laboral,viajes,tiempo_fin_viaje,0,974488
2024-11-06,laboral,viajes,periodo_inicio_viaje,0,0
2024-11-06,laboral,viajes,periodo_fin_viaje,0,0
2024-11-06,laboral,viajes,comuna_inicio_viaje,0,0
2024-11-06,laboral,viajes,comuna_fin_viaje,0,0
2024-11-06,laboral,viajes,zona_inicio_viaje,0,1545
2024-11-06,laboral,viajes,zona_fin_viaje,0,978935
2024-11-06,laboral,viajes,netapassinbajada,0,0
2024-11-06,laboral,viajes,ultimaetapaconbajada,0,0
2024-11-06,laboral,viajes,tipo_corte_etapa_viaje,0,0
2024-11-06,laboral,viajes,id_tarjeta,0,0
2024-11-06,laboral,viajes,id_viaje,0,0
2024-11-06,laboral,etapas,tipo_dia,0,0
2024-11-06,laboral,etapas,tipo_transporte,0,0
2024-11-06,laboral,etapas,fExpansionServicioPeriodoTS,0,0
2024-11-06,laboral,etapas,fExpansionZonaPeriodoTS,0,1074102
2024-11-06,laboral,etapas,tiene_bajada,0,0
2024-11-06,laboral,etapas,tiempo2,0,0
2024-11-06,laboral,etapas,tiempo_subida,0,0
2024-11-06,laboral,etapas,tiempo_bajada,0,1069077
2024-11-06,laboral,etapas,tiempo_etapa,0,1069077
2024-11-06,laboral,etapas,x_subida,0,0
2024-11-06,laboral,etapas,y_subida,0,0
2024-11-06,laboral,etapas,x_bajada,0,1069077
2024-11-06,laboral,etapas,y_bajada,0,1069077
2024-11-06,laboral,etapas,dist_ruta_paraderos,0,1069077
2024-11-06,laboral,etapas,dist_eucl_paraderos,0,1069077
2024-11-06,laboral,etapas,comuna_subida,0,4616
2024-11-06,laboral,etapas,comuna_bajada,0,1074704
2024-11-06,laboral,etapas,zona_subida,0,4616
2024-11-06,laboral,etapas,zona_bajada,0,1074704
2024-11-06,laboral,etapas,periodoSubida,0,0
2024-11-06,laboral,etapas,periodoBajada,0,1069077
2024-11-06,laboral,etapas,id_etapa,0,0
2024-11-06,laboral,etapas,correlativo_viajes,0,0
2024-11-07,laboral,viajes,tipodia,0,0
2024-11-07,laboral,viajes,factor_expansion,0,0
2024-11-07,laboral,viajes,n_etapas,0,0
2024-11-07,laboral,viajes,tviaje,0,3672340
2024-11-07,laboral,viajes,tviaje2,0,1506205
2024-11-07,laboral,viajes,distancia_eucl,0,980509
2024-11-07,laboral,viajes,distancia_ruta,0,0
2024-11-07,laboral,viajes,tiempo_inicio_viaje,0,0
2024-11-07,laboral,viajes,tiempo_fin_viaje,0,980574
2024-11-07,laboral,viajes,periodo_inicio_viaje,0,0
2024-11-07,laboral,viajes,periodo_fin_viaje,0,0
2024-11-07,laboral,viajes,comuna_inicio_viaje,0,0
2024-11-07,laboral,viajes,comuna_fin_viaje,0,0
2024-11-07,laboral,viajes,zona_inicio_viaje,0,1267
2024-11-07,laboral,viajes,zona_fin_viaje,0,985047
2024-11-07,laboral,viajes,netapassinbajada,0,0
2024-11-07,laboral,viajes,ultimaetapaconbajada,0,0
2024-11-07,laboral,viajes,tipo_corte_etapa_viaje,0,0
2024-11-07,laboral,viajes,id_tarjeta,0,0
2024-11-07,laboral,viajes,id_viaje,0,0
2024-11-07,laboral,etapas,tipo_dia,0,0
2024-11-07,laboral,etapas,tipo_transporte,0,0
2024-11-07,laboral,etapas,fExpansionServicioPeriodoTS,0,0
2024-11-07,laboral,etapas,fExpansionZonaPeriodoTS,0,1074915
2024-11-07,laboral,etapas,tiene_bajada,0,0
2024-11-07,laboral,etapas,tiempo2,0,0
2024-11-07,laboral,etapas,tiempo_subida,0,0
2024-11-07,laboral,etapas,tiempo_bajada,0,1069185
2024-11-07,laboral,etapas,tiempo_etapa,0,1069185
2024-11-07,laboral,etapas,x_subida,0,0
2024-11-07,laboral,etapas,y_subida,0,0
2024-11-07,laboral,etapas,x_bajada,0,1069185
2024-11-07,laboral,etapas,y_bajada,0,1069185
2024-11-07,laboral,etapas,dist_ruta_paraderos,0,1069185
2024-11-07,laboral,etapas,dist_eucl_paraderos,0,1069185
2024-11-07,laboral,etapas,comuna_subida,0,1662
2024-11-07,laboral,etapas,comuna_bajada,0,1075072
2024-11-07,laboral,etapas,zona_subida,0,1662
2024-11-07,laboral,etapas,zona_bajada,0,1075072
2024-11-07,laboral,etapas,periodoSubida,0,0
2024-11-07,laboral,etapas,periodoBajada,0,1069185
2024-11-07,laboral,etapas,id_etapa,0,0
2024-11-07,laboral,etapas,correlativo_viajes,0,0
2024-11-08,laboral,viajes,tipodia,0,0
2024-11-08,laboral,viajes,factor_expansion,0,0
2024-11-08,laboral,viajes,n_etapas,0,0
2024-11-08,laboral,viajes,tviaje,0,3636114
2024-11-08,laboral,viajes,tviaje2,0,1580788
2024-11-08,laboral,viajes,distancia_eucl,0,1069939
2024-11-08,laboral,viajes,distancia_ruta,0,0
2024-11-08,laboral,viajes,tiempo_inicio_viaje,0,0
2024-11-08,laboral,viajes,tiempo_fin_viaje,0,1070008
2024-11-08,laboral,viajes,periodo_inicio_viaje,0,0
2024-11-08,laboral,viajes,periodo_fin_viaje,0,0
2024-11-08,laboral,viajes,comuna_inicio_viaje,0,0
2024-11-08,laboral,viajes,comuna_fin_viaje,0,0
2024-11-08,laboral,viajes,zona_inicio_viaje,0,1135
2024-11-08,laboral,viajes,zona_fin_viaje,0,1074204
2024-11-08,laboral,viajes,netapassinbajada,0,0
2024-11-08,laboral,viajes,ultimaetapaconbajada,0,0
2024-11-08,laboral,viajes,tipo_corte_etapa_viaje,0,0
2024-11-08,laboral,viajes,id_tarjeta,0,0
2024-11-08,laboral,viajes,id_viaje,0,0
2024-11-08,laboral,etapas,tipo_dia,0,0
2024-11-08,laboral,etapas,tipo_transporte,0,0
2024-11-08,laboral,etapas,fExpansionServicioPeriodoTS,0,0
2024-11-08,laboral,etapas,fExpansionZonaPeriodoTS,0,1165062
2024-11-08,laboral,etapas,tiene_bajada,0,0
2024-11-08,laboral,etapas,tiempo2,0,0
2024-11-08,laboral,etapas,tiempo_subida,0,0
2024-11-08,laboral,etapas,tiempo_bajada,0,1159400
2024-11-08,laboral,etapas,tiempo_etapa,0,1159400
2024-11-08,laboral,etapas,x_subida,0,0
2024-11-08,laboral,etapas,y_subida,0,0
2024-11-08,laboral,etapas,x_bajada,0,1159400
2024-11-08,laboral,etapas,y_bajada,0,1159400
2024-11-08,laboral,etapas,dist_ruta_paraderos,0,1159400
2024-11-08,laboral,etapas,dist_eucl_paraderos,0,1159400
2024-11-08,laboral,etapas,comuna_subida,0,1355
2024-11-08,laboral,etapas,comuna_bajada,0,1164569
2024-11-08,laboral,etapas,zona_subida,0,1355
2024-11-08,laboral,etapas,zona_bajada,0,1164569
2024-11-08,laboral,etapas,periodoSubida,0,0
2024-11-08,laboral,etapas,periodoBajada,0,1159400
2024-11-08,laboral,etapas,id_etapa,0,0
2024-11-08,laboral,etapas,correlativo_viajes,0,0
2024-11-09,sabado,viajes,tipodia,0,0
2024-11-09,sabado,viajes,factor_expansion,0,0
2024-11-09,sabado,viajes,n_etapas,0,0
2024-11-09,sabado,viajes,tviaje,0,2064870
2024-11-09,sabado,viajes,tviaje2,0,1026458
2024-11-09,sabado,viajes,distancia_eucl,0,759592
2024-11-09,sabado,viajes,distancia_ruta,0,0
2024-11-09,sabado,viajes,tiempo_inicio_viaje,0,0
2024-11-09,sabado,viajes,tiempo_fin_viaje,0,759634
2024-11-09,sabado,viajes,periodo_inicio_viaje,0,0
2024-11-09,sabado,viajes,periodo_fin_viaje,0,0
2024-11-09,sabado,viajes,comuna_inicio_viaje,0,0
2024-11-09,sabado,viajes,comuna_fin_viaje,0,0
2024-11-09,sabado,viajes,zona_inicio_viaje,0,848
2024-11-09,sabado,viajes,zona_fin_viaje,0,762295
2024-11-09,sabado,viajes,netapassinbajada,0,0
2024-11-09,sabado,viajes,ultimaetapaconbajada,0,0
2024-11-09,sabado,viajes,tipo_corte_etapa_viaje,0,0
2024-11-09,sabado,viajes,id_tarjeta,0,0
2024-11-09,sabado,viajes,id_viaje,0,0
2024-11-09,sabado,etapas,tipo_dia,0,0
2024-11-09,sabado,etapas,tipo_transporte,0,0
2024-11-09,sabado,etapas,fExpansionServicioPeriodoTS,0,0
2024-11-09,sabado,etapas,fExpansionZonaPeriodoTS,0,812419
2024-11-09,sabado,etapas,tiene_bajada,0,0
2024-11-09,sabado,etapas,tiempo2,0,0
2024-11-09,sabado,etapas,tiempo_subida,0,0
2024-11-09,sabado,etapas,tiempo_bajada,0,808681
2024-11-09,sabado,etapas,tiempo_etapa,0,808681
2024-11-09,sabado,etapas,x_subida,0,0
2024-11-09,sabado,etapas,y_subida,0,0
2024-11-09,sabado,etapas,x_bajada,0,808681
2024-11-09,sabado,etapas,y_bajada,0,808681
2024-11-09,sabado,etapas,dist_ruta_paraderos,0,808681
2024-11-09,sabado,etapas,dist_eucl_paraderos,0,808681
2024-11-09,sabado,etapas,comuna_subida,0,1122
2024-11-09,sabado,etapas,comuna_bajada,0,812487
2024-11-09,sabado,etapas,zona_subida,0,1160
2024-11-09,sabado,etapas,zona_bajada,0,812509
2024-11-09,sabado,etapas,periodoSubida,0,0
2024-11-09,sabado,etapas,periodoBajada,0,808681
2024-11-09,sabado,etapas,id_etapa,0,0
2024-11-09,sabado,etapas,correlativo_viajes,0,0
2024-11-10,domingo,viajes,tipodia,0,0
2024-11-10,domingo,viajes,factor_expansion,0,0
2024-11-10,domingo,viajes,n_etapas,0,0
2024-11-10,domingo,viajes,tviaje,0,1182013
2024-11-10,domingo,viajes,tviaje2,0,662706
2024-11-10,domingo,viajes,distancia_eucl,0,507313
2024-11-10,domingo,viajes,distancia_ruta,0,0
2024-11-10,domingo,viajes,tiempo_inicio_viaje,0,0
2024-11-10,domingo,viajes,tiempo_fin_viaje,0,507348
2024-11-10,domingo,viajes,periodo_inicio_viaje,0,0
2024-11-10,domingo,viajes,periodo_fin_viaje,0,0
2024-11-10,domingo,viajes,comuna_inicio_viaje,0,0
2024-11-10,domingo,viajes,comuna_fin_viaje,0,0
2024-11-10,domingo,viajes,zona_inicio_viaje,0,380
2024-11-10,domingo,viajes,zona_fin_viaje,0,510256
2024-11-10,domingo,viajes,netapassinbajada,0,0
2024-11-10,domingo,viajes,ultimaetapaconbajada,0,0
2024-11-10,domingo,viajes,tipo_corte_etapa_viaje,0,0
2024-11-10,domingo,viajes,id_tarjeta,0,0
2024-11-10,domingo,viajes,id_viaje,0,0
2024-11-10,domingo,etapas,tipo_dia,0,0
2024-11-10,domingo,etapas,tipo_transporte,0,0
2024-11-10,domingo,etapas,fExpansionServicioPeriodoTS,0,0
2024-11-10,domingo,etapas,fExpansionZonaPeriodoTS,0,536278
2024-11-10,domingo,etapas,tiene_bajada,0,0
2024-11-10,domingo,etapas,tiempo2,0,0
2024-11-10,domingo,etapas,tiempo_subida,0,0
2024-11-10,domingo,etapas,tiempo_bajada,0,531947
2024-11-10,domingo,etapas,tiempo_etapa,0,531947
2024-11-10,domingo,etapas,x_subida,0,0
2024-11-10,domingo,etapas,y_subida,0,0
2024-11-10,domingo,etapas,x_bajada,0,531947
2024-11-10,domingo,etapas,y_bajada,0,531947
2024-11-10,domingo,etapas,dist_ruta_paraderos,0,531947
2024-11-10,domingo,etapas,dist_eucl_paraderos,0,531947
2024-11-10,domingo,etapas,comuna_subida,0,455
2024-11-10,domingo,etapas,comuna_bajada,0,536198
2024-11-10,domingo,etapas,zona_subida,0,489
2024-11-10,domingo,etapas,zona_bajada,0,536207
2024-11-10,domingo,etapas,periodoSubida,0,0
2024-11-10,domingo,etapas,periodoBajada,0,531947
2024-11-10,domingo,etapas,id_etapa,0,0
2024-11-10,domingo,etapas,correlativo_viajes,0,0
2024-11-11,laboral,viajes,tipodia,0,0
2024-11-11,laboral,viajes,factor_expansion,0,0
2024-11-11,laboral,viajes,n_etapas,0,0
2024-11-11,laboral,viajes,tviaje,0,3541818
2024-11-11,laboral,viajes,tviaje2,0,1507998
2024-11-11,laboral,viajes,distancia_eucl,0,999819
2024-11-11,laboral,viajes,distancia_ruta,0,0
2024-11-11,laboral,viajes,tiempo_inicio_viaje,0,0
2024-11-11,laboral,viajes,tiempo_fin_viaje,0,999871
2024-11-11,laboral,viajes,periodo_inicio_viaje,0,0
2024-11-11,laboral,viajes,periodo_fin_viaje,0,0
2024-11-11,laboral,viajes,comuna_inicio_viaje,0,0
2024-11-11,laboral,viajes,comuna_fin_viaje,0,0
2024-11-11,laboral,viajes,zona_inicio_viaje,0,1271
2024-11-11,laboral,viajes,zona_fin_viaje,0,1003897
2024-11-11,laboral,viajes,netapassinbajada,0,0
2024-11-11,laboral,viajes,ultimaetapaconbajada,0,0
2024-11-11,laboral,viajes,tipo_corte_etapa_viaje,0,0
2024-11-11,laboral,viajes,id_tarjeta,0,0
2024-11-11,laboral,viajes,id_viaje,0,0
2024-11-11,laboral,etapas,tipo_dia,0,0
2024-11-11,laboral,etapas,tipo_transporte,0,0
2024-11-11,laboral,etapas,fExpansionServicioPeriodoTS,0,0
2024-11-11,laboral,etapas,fExpansionZonaPeriodoTS,0,1096249
2024-11-11,laboral,etapas,tiene_bajada,0,0
2024-11-11,laboral,etapas,tiempo2,0,0
2024-11-11,laboral,etapas,tiempo_subida,0,0
2024-11-11,laboral,etapas,tiempo_bajada,0,1090946
2024-11-11,laboral,etapas,tiempo_etapa,0,1090946
2024-11-11,laboral,etapas,x_subida,0,0
2024-11-11,laboral,etapas,y_subida,0,0
2024-11-11,laboral,etapas,x_bajada,0,1090946
2024-11-11,laboral,etapas,y_bajada,0,1090946
2024-11-11,laboral,etapas,dist_ruta_paraderos,0,1090946
2024-11-11,laboral,etapas,dist_eucl_paraderos,0,1090946
2024-11-11,laboral,etapas,comuna_subida,0,1533
2024-11-11,laboral,etapas,comuna_bajada,0,1095834
2024-11-11,laboral,etapas,zona_subida,0,1606
2024-11-11,laboral,etapas,zona_bajada,0,1095864
2024-11-11,laboral,etapas,periodoSubida,0,0
2024-11-11,laboral,etapas,periodoBajada,0,1090946
2024-11-11,laboral,etapas,id_etapa,0,0
2024-11-11,laboral,etapas,correlativo_viajes,0,0
2024-11-12,laboral,viajes,tipodia,0,0
2024-11-12,laboral,viajes,factor_expansion,0,0
2024-11-12,laboral,viajes,n_etapas,0,0
2024-11-12,laboral,viajes,tviaje,0,3550376
2024-11-12,laboral,viajes,tviaje2,0,1514387
2024-11-12,laboral,viajes,distancia_eucl,0,986547
2024-11-12,laboral,viajes,distancia_ruta,0,0
2024-11-12,laboral,viajes,tiempo_inicio_viaje,0,0
2024-11-12,laboral,viajes,tiempo_fin_viaje,0,986567
2024-11-12,laboral,viajes,periodo_inicio_viaje,0,0
2024-11-12,laboral,viajes,periodo_fin_viaje,0,0
2024-11-12,laboral,viajes,comuna_inicio_viaje,0,0
2024-11-12,laboral,viajes,comuna_fin_viaje,0,0
2024-11-12,laboral,viajes,zona_inicio_viaje,0,2241
2024-11-12,laboral,viajes,zona_fin_viaje,0,990527
2024-11-12,laboral,viajes,netapassinbajada,0,0
2024-11-12,laboral,viajes,ultimaetapaconbajada,0,0
2024-11-12,laboral,viajes,tipo_corte_etapa_viaje,0,0
2024-11-12,laboral,viajes,id_tarjeta,0,0
2024-11-12,laboral,viajes,id_viaje,0,0
2024-11-12,laboral,etapas,tipo_dia,0,0
2024-11-12,laboral,etapas,tipo_transporte,0,0
2024-11-12,laboral,etapas,fExpansionServicioPeriodoTS,0,0
2024-11-12,laboral,etapas,fExpansionZonaPeriodoTS,0,1093779
2024-11-12,laboral,etapas,tiene_bajada,0,0
2024-11-12,laboral,etapas,tiempo2,0,0
2024-11-12,laboral,etapas,tiempo_subida,0,0
2024-11-12,laboral,etapas,tiempo_bajada,0,1088648
2024-11-12,laboral,etapas,tiempo_etapa,0,1088648
2024-11-12,laboral,etapas,x_subida,0,0
2024-11-12,laboral,etapas,y_subida,0,0
2024-11-12,laboral,etapas,x_bajada,0,1088648
2024-11-12,laboral,etapas,y_bajada,0,1088648
2024-11-12,laboral,etapas,dist_ruta_paraderos,0,1088648
2024-11-12,laboral,etapas,dist_eucl_paraderos,0,1088648
2024-11-12,laboral,etapas,comuna_subida,0,3691
2024-11-12,laboral,etapas,comuna_bajada,0,1093523
2024-11-12,laboral,etapas,zona_subida,0,3746
2024-11-12,laboral,etapas,zona_bajada,0,1093556
2024-11-12,laboral,etapas,periodoSubida,0,0
2024-11-12,laboral,etapas,periodoBajada,0,1088648
2024-11-12,laboral,etapas,id_etapa,0,0
2024-11-12,laboral,etapas,correlativo_viajes,0,0
2024-11-13,laboral,viajes,tipodia,0,0
2024-11-13,laboral,viajes,factor_expansion,0,0
2024-11-13,laboral,viajes,n_etapas,0,0
2024-11-13,laboral,viajes,tviaje,0,3600108
2024-11-13,laboral,viajes,tviaje2,0,1483499
2024-11-13,laboral,viajes,distancia_eucl,0,964223
2024-11-13,laboral,viajes,distancia_ruta,0,0
2024-11-13,laboral,viajes,tiempo_inicio_viaje,0,0
2024-11-13,laboral,viajes,tiempo_fin_viaje,0,964282
2024-11-13,laboral,viajes,periodo_inicio_viaje,0,0
2024-11-13,laboral,viajes,periodo_fin_viaje,0,0
2024-11-13,laboral,viajes,comuna_inicio_viaje,0,0
2024-11-13,laboral,viajes,comuna_fin_viaje,0,0
2024-11-13,laboral,viajes,zona_inicio_viaje,0,1206
2024-11-13,laboral,viajes,zona_fin_viaje,0,968451
2024-11-13,laboral,viajes,netapassinbajada,0,0
2024-11-13,laboral,viajes,ultimaetapaconbajada,0,0
2024-11-13,laboral,viajes,tipo_corte_etapa_viaje,0,0
2024-11-13,laboral,viajes,id_tarjeta,0,0
2024-11-13,laboral,viajes,id_viaje,0,0
2024-11-13,laboral,etapas,tipo_dia,0,0
2024-11-13,laboral,etapas,tipo_transporte,0,0
2024-11-13,laboral,etapas,fExpansionServicioPeriodoTS,0,0
2024-11-13,laboral,etapas,fExpansionZonaPeriodoTS,0,1058621
2024-11-13,laboral,etapas,tiene_bajada,0,0
2024-11-13,laboral,etapas,tiempo2,0,0
2024-11-13,laboral,etapas,tiempo_subida,0,0
2024-11-13,laboral,etapas,tiempo_bajada,0,1052944
2024-11-13,laboral,etapas,tiempo_etapa,0,1052944
2024-11-13,laboral,etapas,x_subida,0,0
2024-11-13,laboral,etapas,y_subida,0,0
2024-11-13,laboral,etapas,x_bajada,0,1052944
2024-11-13,laboral,etapas,y_bajada,0,1052944
2024-11-13,laboral,etapas,dist_ruta_paraderos,0,1052944
2024-11-13,laboral,etapas,dist_eucl_paraderos,0,1052944
2024-11-13,laboral,etapas,comuna_subida,0,1447
2024-11-13,laboral,etapas,comuna_bajada,0,1058097
2024-11-13,laboral,etapas,zona_subida,0,1519
2024-11-13,laboral,etapas,zona_bajada,0,1058136
2024-11-13,laboral,etapas,periodoSubida,0,0
2024-11-13,laboral,etapas,periodoBajada,0,1052944
2024-11-13,laboral,etapas,id_etapa,0,0
2024-11-13,laboral,etapas,correlativo_viajes,0,0
2024-11-14,laboral,viajes,tipodia,0,0
2024-11-14,laboral,viajes,factor_expansion,0,0
2024-11-14,laboral,viajes,n_etapas,0,0
2024-11-14,laboral,viajes,tviaje,0,3633098
2024-11-14,laboral,viajes,tviaje2,0,1491428
2024-11-14,laboral,viajes,distancia_eucl,0,973216
2024-11-14,laboral,viajes,distancia_ruta,0,0
2024-11-14,laboral,viajes,tiempo_inicio_viaje,0,0
2024-11-14,laboral,viajes,tiempo_fin_viaje,0,973262
2024-11-14,laboral,viajes,periodo_inicio_viaje,0,0
2024-11-14,laboral,viajes,periodo_fin_viaje,0,0
2024-11-14,laboral,viajes,comuna_inicio_viaje,0,0
2024-11-14,laboral,viajes,comuna_fin_viaje,0,0
2024-11-14,laboral,viajes,zona_inicio_viaje,0,1635
2024-11-14,laboral,viajes,zona_fin_viaje,0,977502
2024-11-14,laboral,viajes,netapassinbajada,0,0
2024-11-14,laboral,viajes,ultimaetapaconbajada,0,0
2024-11-14,laboral,viajes,tipo_corte_etapa_viaje,0,0
2024-11-14,laboral,viajes,id_tarjeta,0,0
2024-11-14,laboral,viajes,id_viaje,0,0
2024-11-14,laboral,etapas,tipo_dia,0,0
2024-11-14,laboral,etapas,tipo_transporte,0,0
2024-11-14,laboral,etapas,fExpansionServicioPeriodoTS,0,0
2024-11-14,laboral,etapas,fExpansionZonaPeriodoTS,0,1068099
2024-11-14,laboral,etapas,tiene_bajada,0,0
2024-11-14,laboral,etapas,tiempo2,0,0
2024-11-14,laboral,etapas,tiempo_subida,0,0
2024-11-14,laboral,etapas,tiempo_bajada,0,1062332
2024-11-14,laboral,etapas,tiempo_etapa,0,1062332
2024-11-14,laboral,etapas,x_subida,0,0
2024-11-14,laboral,etapas,y_subida,0,0
2024-11-14,laboral,etapas,x_bajada,0,1062332
2024-11-14,laboral,etapas,y_bajada,0,1062332
2024-11-14,laboral,etapas,dist_ruta_paraderos,0,1062332
2024-11-14,laboral,etapas,dist_eucl_paraderos,0,1062332
2024-11-14,laboral,etapas,comuna_subida,0,2193
2024-11-14,laboral,etapas,comuna_bajada,0,1067681
2024-11-14,laboral,etapas,zona_subida,0,2267
2024-11-14,laboral,etapas,zona_bajada,0,1067730
2024-11-14,laboral,etapas,periodoSubida,0,0
2024-11-14,laboral,etapas,periodoBajada,0,1062332
2024-11-14,laboral,etapas,id_etapa,0,0
2024-11-14,laboral,etapas,correlativo_viajes,0,0
2024-11-15,laboral,viajes,tipodia,0,0
2024-11-15,laboral,viajes,factor_expansion,0,0
2024-11-15,laboral,viajes,n_etapas,0,0
2024-11-15,laboral,viajes,tviaje,0,3615172
2024-11-15,laboral,viajes,tviaje2,0,1569542
2024-11-15,laboral,viajes,distancia_eucl,0,1064571
2024-11-15,laboral,viajes,distancia_ruta,0,0
2024-11-15,laboral,viajes,tiempo_inicio_viaje,0,0
2024-11-15,laboral,viajes,tiempo_fin_viaje,0,1064649
2024-11-15,laboral,viajes,periodo_inicio_viaje,0,0
2024-11-15,laboral,viajes,periodo_fin_viaje,0,0
2024-11-15,laboral,viajes,comuna_inicio_viaje,0,0
2024-11-15,laboral,viajes,comuna_fin_viaje,0,0
2024-11-15,laboral,viajes,zona_inicio_viaje,0,1321
2024-11-15,laboral,viajes,zona_fin_viaje,0,1068838
2024-11-15,laboral,viajes,netapassinbajada,0,0
2024-11-15,laboral,viajes,ultimaetapaconbajada,0,0
2024-11-15,laboral,viajes,tipo_corte_etapa_viaje,0,0
2024-11-15,laboral,viajes,id_tarjeta,0,0
2024-11-15,laboral,viajes,id_viaje,0,0
2024-11-15,laboral,etapas,tipo_dia,0,0
2024-11-15,laboral,etapas,tipo_transporte,0,0
2024-11-15,laboral,etapas,fExpansionServicioPeriodoTS,0,0
2024-11-15,laboral,etapas,fExpansionZonaPeriodoTS,0,1160159
2024-11-15,laboral,etapas,tiene_bajada,0,0
2024-11-15,laboral,etapas,tiempo2,0,0
2024-11-15,laboral,etapas,tiempo_subida,0,0
2024-11-15,laboral,etapas,tiempo_bajada,0,1155063
2024-11-15,laboral,etapas,tiempo_etapa,0,1155063
2024-11-15,laboral,etapas,x_subida,0,0
2024-11-15,laboral,etapas,y_subida,0,0
2024-11-15,laboral,etapas,x_bajada,0,1155063
2024-11-15,laboral,etapas,y_bajada,0,1155063
2024-11-15,laboral,etapas,dist_ruta_paraderos,0,1155063
2024-11-15,laboral,etapas,dist_eucl_paraderos,0,1155063
2024-11-15,laboral,etapas,comuna_subida,0,1728
2024-11-15,laboral,etapas,comuna_bajada,0,1160288
2024-11-15,laboral,etapas,zona_subida,0,1807
2024-11-15,laboral,etapas,zona_bajada,0,1160332
2024-11-15,laboral,etapas,periodoSubida,0,0
2024-11-15,laboral,etapas,periodoBajada,0,1155063
2024-11-15,laboral,etapas,id_etapa,0,0
2024-11-15,laboral,etapas,correlativo_viajes,0,0
2024-11-16,sabado,viajes,tipodia,0,0
2024-11-16,sabado,viajes,factor_expansion,0,0
2024-11-16,sabado,viajes,n_etapas,0,0
2024-11-16,sabado,viajes,tviaje,0,2051573
2024-11-16,sabado,viajes,tviaje2,0,1017506
2024-11-16,sabado,viajes,distancia_eucl,0,754176
2024-11-16,sabado,viajes,distancia_ruta,0,0
2024-11-16,sabado,viajes,tiempo_inicio_viaje,0,0
2024-11-16,sabado,viajes,tiempo_fin_viaje,0,754223
2024-11-16,sabado,viajes,periodo_inicio_viaje,0,0
2024-11-16,sabado,viajes,periodo_fin_viaje,0,0
2024-11-16,sabado,viajes,comuna_inicio_viaje,0,0
2024-11-16,sabado,viajes,comuna_fin_viaje,0,0
2024-11-16,sabado,viajes,zona_inicio_viaje,0,567
2024-11-16,sabado,viajes,zona_fin_viaje,0,757158
2024-11-16,sabado,viajes,netapassinbajada,0,0
2024-11-16,sabado,viajes,ultimaetapaconbajada,0,0
2024-11-16,sabado,viajes,tipo_corte_etapa_viaje,0,0
2024-11-16,sabado,viajes,id_tarjeta,0,0
2024-11-16,sabado,viajes,id_viaje,0,0
2024-11-16,sabado,etapas,tipo_dia,0,0
2024-11-16,sabado,etapas,tipo_transporte,0,0
2024-11-16,sabado,etapas,fExpansionServicioPeriodoTS,0,0
2024-11-16,sabado,etapas,fExpansionZonaPeriodoTS,0,807845
2024-11-16,sabado,etapas,tiene_bajada,0,0
2024-11-16,sabado,etapas,tiempo2,0,0
2024-11-16,sabado,etapas,tiempo_subida,0,0
2024-11-16,sabado,etapas,tiempo_bajada,0,804033
2024-11-16,sabado,etapas,tiempo_etapa,0,804033
2024-11-16,sabado,etapas,x_subida,0,0
2024-11-16,sabado,etapas,y_subida,0,0
2024-11-16,sabado,etapas,x_bajada,0,804033
2024-11-16,sabado,etapas,y_bajada,0,804033
2024-11-16,sabado,etapas,dist_ruta_paraderos,0,804033
2024-11-16,sabado,etapas,dist_eucl_paraderos,0,804033
2024-11-16,sabado,etapas,comuna_subida,0,654
2024-11-16,sabado,etapas,comuna_bajada,0,808141
2024-11-16,sabado,etapas,zona_subida,0,701
2024-11-16,sabado,etapas,zona_bajada,0,808170
2024-11-16,sabado,etapas,periodoSubida,0,0
2024-11-16,sabado,etapas,periodoBajada,0,804033
2024-11-16,sabado,etapas,id_etapa,0,0
2024-11-16,sabado,etapas,correlativo_viajes,0,0
2024-11-17,domingo,viajes,tipodia,0,0
2024-11-17,domingo,viajes,factor_expansion,0,0
2024-11-17,domingo,viajes,n_etapas,0,0
2024-11-17,domingo,viajes,tviaje,0,1191391
2024-11-17,domingo,viajes,tviaje2,0,646722
2024-11-17,domingo,viajes,distancia_eucl,0,503137
2024-11-17,domingo,viajes,distancia_ruta,0,0
2024-11-17,domingo,viajes,tiempo_inicio_viaje,0,0
2024-11-17,domingo,viajes,tiempo_fin_viaje,0,503161
2024-11-17,domingo,viajes,periodo_inicio_viaje,0,0
2024-11-17,domingo,viajes,periodo_fin_viaje,0,0
2024-11-17,domingo,viajes,comuna_inicio_viaje,0,0
2024-11-17,domingo,viajes,comuna_fin_viaje,0,0
2024-11-17,domingo,viajes,zona_inicio_viaje,0,573
2024-11-17,domingo,viajes,zona_fin_viaje,0,505226
2024-11-17,domingo,viajes,netapassinbajada,0,0
2024-11-17,domingo,viajes,ultimaetapaconbajada,0,0
2024-11-17,domingo,viajes,tipo_corte_etapa_viaje,0,0
2024-11-17,domingo,viajes,id_tarjeta,0,0
2024-11-17,domingo,viajes,id_viaje,0,0
2024-11-17,domingo,etapas,tipo_dia,0,0
2024-11-17,domingo,etapas,tipo_transporte,0,0
2024-11-17,domingo,etapas,fExpansionServicioPeriodoTS,0,0
2024-11-17,domingo,etapas,fExpansionZonaPeriodoTS,0,532274
2024-11-17,domingo,etapas,tiene_bajada,0,0
2024-11-17,domingo,etapas,tiempo2,0,0
2024-11-17,domingo,etapas,tiempo_subida,0,0
2024-11-17,domingo,etapas,tiempo_bajada,0,529212
2024-11-17,domingo,etapas,tiempo_etapa,0,529212
2024-11-17,domingo,etapas,x_subida,0,0
2024-11-17,domingo,etapas,y_subida,0,0
2024-11-17,domingo,etapas,x_bajada,0,529212
2024-11-17,domingo,etapas,y_bajada,0,529212
2024-11-17,domingo,etapas,dist_ruta_paraderos,0,529212
2024-11-17,domingo,etapas,dist_eucl_paraderos,0,529212
2024-11-17,domingo,etapas,comuna_subida,0,797
2024-11-17,domingo,etapas,comuna_bajada,0,532174
2024-11-17,domingo,etapas,zona_subida,0,809
2024-11-17,domingo,etapas,zona_bajada,0,532177
2024-11-17,domingo,etapas,periodoSubida,0,0
2024-11-17,domingo,etapas,periodoBajada,0,529212
2024-11-17,domingo,etapas,id_etapa,0,0
2024-11-17,domingo,etapas,correlativo_viajes,0,0
2024-11-18,laboral,viajes,tipodia,0,0
2024-11-18,laboral,viajes,factor_expansion,0,0
2024-11-18,laboral,viajes,n_etapas,0,0
2024-11-18,laboral,viajes,tviaje,0,3558808
2024-11-18,laboral,viajes,tviaje2,0,1483526
2024-11-18,laboral,viajes,distancia_eucl,0,978253
2024-11-18,laboral,viajes,distancia_ruta,0,0
2024-11-18,laboral,viajes,tiempo_inicio_viaje,0,0
2024-11-18,laboral,viajes,tiempo_fin_viaje,0,978300
2024-11-18,laboral,viajes,periodo_inicio_viaje,0,0
2024-11-18,laboral,viajes,periodo_fin_viaje,0,0
2024-11-18,laboral,viajes,comuna_inicio_viaje,0,0
2024-11-18,laboral,viajes,comuna_fin_viaje,0,0
2024-11-18,laboral,viajes,zona_inicio_viaje,0,1375
2024-11-18,laboral,viajes,zona_fin_viaje,0,983196
2024-11-18,laboral,viajes,netapassinbajada,0,0
2024-11-18,laboral,viajes,ultimaetapaconbajada,0,0
2024-11-18,laboral,viajes,tipo_corte_etapa_viaje,0,0
2024-11-18,laboral,viajes,id_tarjeta,0,0
2024-11-18,laboral,viajes,id_viaje,0,0
2024-11-18,laboral,etapas,tipo_dia,0,0
2024-11-18,laboral,etapas,tipo_transporte,0,0
2024-11-18,laboral,etapas,fExpansionServicioPeriodoTS,0,0
2024-11-18,laboral,etapas,fExpansionZonaPeriodoTS,0,1074920
2024-11-18,laboral,etapas,tiene_bajada,0,0
2024-11-18,laboral,etapas,tiempo2,0,0
2024-11-18,laboral,etapas,tiempo_subida,0,0
2024-11-18,laboral,etapas,tiempo_bajada,0,1068306
2024-11-18,laboral,etapas,tiempo_etapa,0,1068306
2024-11-18,laboral,etapas,x_subida,0,0
2024-11-18,laboral,etapas,y_subida,0,0
2024-11-18,laboral,etapas,x_bajada,0,1068306
2024-11-18,laboral,etapas,y_bajada,0,1068306
2024-11-18,laboral,etapas,dist_ruta_paraderos,0,1068306
2024-11-18,laboral,etapas,dist_eucl_paraderos,0,1068306
2024-11-18,laboral,etapas,comuna_subida,0,1822
2024-11-18,laboral,etapas,comuna_bajada,0,1074394
2024-11-18,laboral,etapas,zona_subida,0,1898
2024-11-18,laboral,etapas,zona_bajada,0,1074440
2024-11-18,laboral,etapas,periodoSubida,0,0
2024-11-18,laboral,etapas,periodoBajada,0,1068306
2024-11-18,laboral,etapas,id_etapa,0,0
2024-11-18,laboral,etapas,correlativo_viajes,0,0
2024-11-19,laboral,viajes,tipodia,0,0
2024-11-19,laboral,viajes,factor_expansion,0,0
2024-11-19,laboral,viajes,n_etapas,0,0
2024-11-19,laboral,viajes,tviaje,0,3625203
2024-11-19,laboral,viajes,tviaje2,0,1495702
2024-11-19,laboral,viajes,distancia_eucl,0,959618
2024-11-19,laboral,viajes,distancia_ruta,0,0
2024-11-19,laboral,viajes,tiempo_inicio_viaje,0,0
2024-11-19,laboral,viajes,tiempo_fin_viaje,0,959668
2024-11-19,laboral,viajes,periodo_inicio_viaje,0,0
2024-11-19,laboral,viajes,periodo_fin_viaje,0,0
2024-11-19,laboral,viajes,comuna_inicio_viaje,0,0
2024-11-19,laboral,viajes,comuna_fin_viaje,0,0
2024-11-19,laboral,viajes,zona_inicio_viaje,0,1146
2024-11-19,laboral,viajes,zona_fin_viaje,0,965462
2024-11-19,laboral,viajes,netapassinbajada,0,0
2024-11-19,laboral,viajes,ultimaetapaconbajada,0,0
2024-11-19,laboral,viajes,tipo_corte_etapa_viaje,0,0
2024-11-19,laboral,viajes,id_tarjeta,0,0
2024-11-19,laboral,viajes,id_viaje,0,0
2024-11-19,laboral,etapas,tipo_dia,0,0
2024-11-19,laboral,etapas,tipo_transporte,0,0
2024-11-19,laboral,etapas,fExpansionServicioPeriodoTS,0,0
2024-11-19,laboral,etapas,fExpansionZonaPeriodoTS,0,1058062
2024-11-19,laboral,etapas,tiene_bajada,0,0
2024-11-19,laboral,etapas,tiempo2,0,0
2024-11-19,laboral,etapas,tiempo_subida,0,0
2024-11-19,laboral,etapas,tiempo_bajada,0,1050157
2024-11-19,laboral,etapas,tiempo_etapa,0,1050157
2024-11-19,laboral,etapas,x_subida,0,0
2024-11-19,laboral,etapas,y_subida,0,0
2024-11-19,laboral,etapas,x_bajada,0,1050157
2024-11-19,laboral,etapas,y_bajada,0,1050157
2024-11-19,laboral,etapas,dist_ruta_paraderos,0,1050157
2024-11-19,laboral,etapas,dist_eucl_paraderos,0,1050157
2024-11-19,laboral,etapas,comuna_subida,0,1316
2024-11-19,laboral,etapas,comuna_bajada,0,1057752
2024-11-19,laboral,etapas,zona_subida,0,1401
2024-11-19,laboral,etapas,zona_bajada,0,1057808
2024-11-19,laboral,etapas,periodoSubida,0,0
2024-11-19,laboral,etapas,periodoBajada,0,1050157
2024-11-19,laboral,etapas,id_etapa,0,0
2024-11-19,laboral,etapas,correlativo_viajes,0,0
2024-11-20,laboral,viajes,tipodia,0,0
2024-11-20,laboral,viajes,factor_expansion,0,0
2024-11-20,laboral,viajes,n_etapas,0,0
2024-11-20,laboral,viajes,tviaje,0,3655110
2024-11-20,laboral,viajes,tviaje2,0,1502307
2024-11-20,laboral,viajes,distancia_eucl,0,969615
2024-11-20,laboral,viajes,distancia_ruta,0,0
2024-11-20,laboral,viajes,tiempo_inicio_viaje,0,0
2024-11-20,laboral,viajes,tiempo_fin_viaje,0,969670
2024-11-20,laboral,viajes,periodo_inicio_viaje,0,0
2024-11-20,laboral,viajes,periodo_fin_viaje,0,0
2024-11-20,laboral,viajes,comuna_inicio_viaje,0,0
2024-11-20,laboral,viajes,comuna_fin_viaje,0,0
2024-11-20,laboral,viajes,zona_inicio_viaje,0,1090
2024-11-20,laboral,viajes,zona_fin_viaje,0,975523
2024-11-20,laboral,viajes,netapassinbajada,0,0
2024-11-20,laboral,viajes,ultimaetapaconbajada,0,0
2024-11-20,laboral,viajes,tipo_corte_etapa_viaje,0,0
2024-11-20,laboral,viajes,id_tarjeta,0,0
2024-11-20,laboral,viajes,id_viaje,0,0
2024-11-20,laboral,etapas,tipo_dia,0,0
2024-11-20,laboral,etapas,tipo_transporte,0,0
2024-11-20,laboral,etapas,fExpansionServicioPeriodoTS,0,0
2024-11-20,laboral,etapas,fExpansionZonaPeriodoTS,0,1068800
2024-11-20,laboral,etapas,tiene_bajada,0,0
2024-11-20,laboral,etapas,tiempo2,0,0
2024-11-20,laboral,etapas,tiempo_subida,0,0
2024-11-20,laboral,etapas,tiempo_bajada,0,1061358
2024-11-20,laboral,etapas,tiempo_etapa,0,1061358
2024-11-20,laboral,etapas,x_subida,0,0
2024-11-20,laboral,etapas,y_subida,0,0
2024-11-20,laboral,etapas,x_bajada,0,1061358
2024-11-20,laboral,etapas,y_bajada,0,1061358
2024-11-20,laboral,etapas,dist_ruta_paraderos,0,1061358
2024-11-20,laboral,etapas,dist_eucl_paraderos,0,1061358
2024-11-20,laboral,etapas,comuna_subida,0,1323
2024-11-20,laboral,etapas,comuna_bajada,0,1068957
2024-11-20,laboral,etapas,zona_subida,0,1384
2024-11-20,laboral,etapas,zona_bajada,0,1068987
2024-11-20,laboral,etapas,periodoSubida,0,0
2024-11-20,laboral,etapas,periodoBajada,0,1061358
2024-11-20,laboral,etapas,id_etapa,0,0
2024-11-20,laboral,etapas,correlativo_viajes,0,0
2024-11-21,laboral,viajes,tipodia,0,0
2024-11-21,laboral,viajes,factor_expansion,0,0
2024-11-21,laboral,viajes,n_etapas,0,0
2024-11-21,laboral,viajes,tviaje,0,3587955
2024-11-21,laboral,viajes,tviaje2,0,1475763
2024-11-21,laboral,viajes,distancia_eucl,0,961610
2024-11-21,laboral,viajes,distancia_ruta,0,0
2024-11-21,laboral,viajes,tiempo_inicio_viaje,0,0
2024-11-21,laboral,viajes,tiempo_fin_viaje,0,961703
2024-11-21,laboral,viajes,periodo_inicio_viaje,0,0
2024-11-21,laboral,viajes,periodo_fin_viaje,0,0
2024-11-21,laboral,viajes,comuna_inicio_viaje,0,0
2024-11-21,laboral,viajes,comuna_fin_viaje,0,0
2024-11-21,laboral,viajes,zona_inicio_viaje,0,1138
2024-11-21,laboral,viajes,zona_fin_viaje,0,966640
2024-11-21,laboral,viajes,netapassinbajada,0,0
2024-11-21,laboral,viajes,ultimaetapaconbajada,0,0
2024-11-21,laboral,viajes,tipo_corte_etapa_viaje,0,0
2024-11-21,laboral,viajes,id_tarjeta,0,0
2024-11-21,laboral,viajes,id_viaje,0,0
2024-11-21,laboral,etapas,tipo_dia,0,0
2024-11-21,laboral,etapas,tipo_transporte,0,0
2024-11-21,laboral,etapas,fExpansionServicioPeriodoTS,0,0
2024-11-21,laboral,etapas,fExpansionZonaPeriodoTS,0,1056576
2024-11-21,laboral,etapas,tiene_bajada,0,0
2024-11-21,laboral,etapas,tiempo2,0,0
2024-11-21,laboral,etapas,tiempo_subida,0,0
2024-11-21,laboral,etapas,tiempo_bajada,0,1050131
2024-11-21,laboral,etapas,tiempo_etapa,0,1050131
2024-11-21,laboral,etapas,x_subida,0,0
2024-11-21,laboral,etapas,y_subida,0,0
2024-11-21,laboral,etapas,x_bajada,0,1050131
2024-11-21,laboral,etapas,y_bajada,0,1050131
2024-11-21,laboral,etapas,dist_ruta_paraderos,0,1050131
2024-11-21,laboral,etapas,dist_eucl_paraderos,0,1050131
2024-11-21,laboral,etapas,comuna_subida,0,1451
2024-11-21,laboral,etapas,comuna_bajada,0,1056219
2024-11-21,laboral,etapas,zona_subida,0,1524
2024-11-21,laboral,etapas,zona_bajada,0,1056259
2024-11-21,laboral,etapas,periodoSubida,0,0
2024-11-21,laboral,etapas,periodoBajada,0,1050131
2024-11-21,laboral,etapas,id_etapa,0,0
2024-11-21,laboral,etapas,correlativo_viajes,0,0
2024-11-22,laboral,viajes,tipodia,0,0
2024-11-22,laboral,viajes,factor_expansion,0,0
2024-11-22,laboral,viajes,n_etapas,0,0
2024-11-22,laboral,viajes,tviaje,0,3524474
2024-11-22,laboral,viajes,tviaje2,0,1519220
2024-11-22,laboral,viajes,distancia_eucl,0,1025411
2024-11-22,laboral,viajes,distancia_ruta,0,0
2024-11-22,laboral,viajes,tiempo_inicio_viaje,0,0
2024-11-22,laboral,viajes,tiempo_fin_viaje,0,1025489
2024-11-22,laboral,viajes,periodo_inicio_viaje,0,0
2024-11-22,laboral,viajes,periodo_fin_viaje,0,0
2024-11-22,laboral,viajes,comuna_inicio_viaje,0,0
2024-11-22,laboral,viajes,comuna_fin_viaje,0,0
2024-11-22,laboral,viajes,zona_inicio_viaje,0,1296
2024-11-22,laboral,viajes,zona_fin_viaje,0,1030008
2024-11-22,laboral,viajes,netapassinbajada,0,0
2024-11-22,laboral,viajes,ultimaetapaconbajada,0,0
2024-11-22,laboral,viajes,tipo_corte_etapa_viaje,0,0
2024-11-22,laboral,viajes,id_tarjeta,0,0
2024-11-22,laboral,viajes,id_viaje,0,0
2024-11-22,laboral,etapas,tipo_dia,0,0
2024-11-22,laboral,etapas,tipo_transporte,0,0
2024-11-22,laboral,etapas,fExpansionServicioPeriodoTS,0,0
2024-11-22,laboral,etapas,fExpansionZonaPeriodoTS,0,1118858
2024-11-22,laboral,etapas,tiene_bajada,0,0
2024-11-22,laboral,etapas,tiempo2,0,0
2024-11-22,laboral,etapas,tiempo_subida,0,0
2024-11-22,laboral,etapas,tiempo_bajada,0,1112850
2024-11-22,laboral,etapas,tiempo_etapa,0,1112850
2024-11-22,laboral,etapas,x_subida,0,0
2024-11-22,laboral,etapas,y_subida,0,0
2024-11-22,laboral,etapas,x_bajada,0,1112850
2024-11-22,laboral,etapas,y_bajada,0,1112850
2024-11-22,laboral,etapas,dist_ruta_paraderos,0,1112850
2024-11-22,laboral,etapas,dist_eucl_paraderos,0,1112850
2024-11-22,laboral,etapas,comuna_subida,0,1747
2024-11-22,laboral,etapas,comuna_bajada,0,1118479
2024-11-22,laboral,etapas,zona_subida,0,1829
2024-11-22,laboral,etapas,zona_bajada,0,1118525
2024-11-22,laboral,etapas,periodoSubida,0,0
2024-11-22,laboral,etapas,periodoBajada,0,1112850
2024-11-22,laboral,etapas,id_etapa,0,0
2024-11-22,laboral,etapas,correlativo_viajes,0,0
2024-11-23,sabado,viajes,tipodia,0,0
2024-11-23,sabado,viajes,factor_expansion,0,0
2024-11-23,sabado,viajes,n_etapas,0,0
2024-11-23,sabado,viajes,tviaje,0,1962841
2024-11-23,sabado,viajes,tviaje2,0,964777
2024-11-23,sabado,viajes,distancia_eucl,0,719087
2024-11-23,sabado,viajes,distancia_ruta,0,0
2024-11-23,sabado,viajes,tiempo_inicio_viaje,0,0
2024-11-23,sabado,viajes,tiempo_fin_viaje,0,719128
2024-11-23,sabado,viajes,periodo_inicio_viaje,0,0
2024-11-23,sabado,viajes,periodo_fin_viaje,0,0
2024-11-23,sabado,viajes,comuna_inicio_viaje,0,0
2024-11-23,sabado,viajes,comuna_fin_viaje,0,0
2024-11-23,sabado,viajes,zona_inicio_viaje,0,745
2024-11-23,sabado,viajes,zona_fin_viaje,0,721506
2024-11-23,sabado,viajes,netapassinbajada,0,0
2024-11-23,sabado,viajes,ultimaetapaconbajada,0,0
2024-11-23,sabado,viajes,tipo_corte_etapa_viaje,0,0
2024-11-23,sabado,viajes,id_tarjeta,0,0
2024-11-23,sabado,viajes,id_viaje,0,0
2024-11-23,sabado,etapas,tipo_dia,0,0
2024-11-23,sabado,etapas,tipo_transporte,0,0
2024-11-23,sabado,etapas,fExpansionServicioPeriodoTS,0,0
2024-11-23,sabado,etapas,fExpansionZonaPeriodoTS,0,768386
2024-11-23,sabado,etapas,tiene_bajada,0,0
2024-11-23,sabado,etapas,tiempo2,0,0
2024-11-23,sabado,etapas,tiempo_subida,0,0
2024-11-23,sabado,etapas,tiempo_bajada,0,765432
2024-11-23,sabado,etapas,tiempo_etapa,0,765432
2024-11-23,sabado,etapas,x_subida,0,0
2024-11-23,sabado,etapas,y_subida,0,0
2024-11-23,sabado,etapas,x_bajada,0,765432
2024-11-23,sabado,etapas,y_bajada,0,765432
2024-11-23,sabado,etapas,dist_ruta_paraderos,0,765432
2024-11-23,sabado,etapas,dist_eucl_paraderos,0,765432
2024-11-23,sabado,etapas,comuna_subida,0,929
2024-11-23,sabado,etapas,comuna_bajada,0,768248
2024-11-23,sabado,etapas,zona_subida,0,964
2024-11-23,sabado,etapas,zona_bajada,0,768268
2024-11-23,sabado,etapas,periodoSubida,0,0
2024-11-23,sabado,etapas,periodoBajada,0,765432
2024-11-23,sabado,etapas,id_etapa,0,0
2024-11-23,sabado,etapas,correlativo_viajes,0,0
2024-11-24,domingo,viajes,tipodia,0,0
2024-11-24,domingo,viajes,factor_expansion,0,0
2024-11-24,domingo,viajes,n_etapas,0,0
2024-11-24,domingo,viajes,tviaje,0,1560864
2024-11-24,domingo,viajes,tviaje2,0,835577
2024-11-24,domingo,viajes,distancia_eucl,0,610094
2024-11-24,domingo,viajes,distancia_ruta,0,0
2024-11-24,domingo,viajes,tiempo_inicio_viaje,0,0
2024-11-24,domingo,viajes,tiempo_fin_viaje,0,610320
2024-11-24,domingo,viajes,periodo_inicio_viaje,0,0
2024-11-24,domingo,viajes,periodo_fin_viaje,0,0
2024-11-24,domingo,viajes,comuna_inicio_viaje,0,0
2024-11-24,domingo,viajes,comuna_fin_viaje,0,0
2024-11-24,domingo,viajes,zona_inicio_viaje,0,447
2024-11-24,domingo,viajes,zona_fin_viaje,0,611992
2024-11-24,domingo,viajes,netapassinbajada,0,0
2024-11-24,domingo,viajes,ultimaetapaconbajada,0,0
2024-11-24,domingo,viajes,tipo_corte_etapa_viaje,0,0
2024-11-24,domingo,viajes,id_tarjeta,0,0
2024-11-24,domingo,viajes,id_viaje,0,0
2024-11-24,domingo,etapas,tipo_dia,0,0
2024-11-24,domingo,etapas,tipo_transporte,0,0
2024-11-24,domingo,etapas,fExpansionServicioPeriodoTS,0,0
2024-11-24,domingo,etapas,fExpansionZonaPeriodoTS,0,660442
2024-11-24,domingo,etapas,tiene_bajada,0,0
2024-11-24,domingo,etapas,tiempo2,0,0
2024-11-24,domingo,etapas,tiempo_subida,0,0
2024-11-24,domingo,etapas,tiempo_bajada,0,658249
2024-11-24,domingo,etapas,tiempo_etapa,0,658249
2024-11-24,domingo,etapas,x_subida,0,0
2024-11-24,domingo,etapas,y_subida,0,0
2024-11-24,domingo,etapas,x_bajada,0,658249
2024-11-24,domingo,etapas,y_bajada,0,658249
2024-11-24,domingo,etapas,dist_ruta_paraderos,0,658249
2024-11-24,domingo,etapas,dist_eucl_paraderos,0,658249
2024-11-24,domingo,etapas,comuna_subida,0,622
2024-11-24,domingo,etapas,comuna_bajada,0,660404
2024-11-24,domingo,etapas,zona_subida,0,647
2024-11-24,domingo,etapas,zona_bajada,0,660419
2024-11-24,domingo,etapas,periodoSubida,0,0
2024-11-24,domingo,etapas,periodoBajada,0,658249
2024-11-24,domingo,etapas,id_etapa,0,0
2024-11-24,domingo,etapas,correlativo_viajes,0,0
2024-11-25,laboral,viajes,tipodia,0,0
2024-11-25,laboral,viajes,factor_expansion,0,0
2024-11-25,laboral,viajes,n_etapas,0,0
2024-11-25,laboral,viajes,tviaje,0,3504683
2024-11-25,laboral,viajes,tviaje2,0,1460732
2024-11-25,laboral,viajes,distancia_eucl,0,964067
2024-11-25,laboral,viajes,distancia_ruta,0,0
2024-11-25,laboral,viajes,tiempo_inicio_viaje,0,0
2024-11-25,laboral,viajes,tiempo_fin_viaje,0,964112
2024-11-25,laboral,viajes,periodo_inicio_viaje,0,0
2024-11-25,laboral,viajes,periodo_fin_viaje,0,0
2024-11-25,laboral,viajes,comuna_inicio_viaje,0,0
2024-11-25,laboral,viajes,comuna_fin_viaje,0,0
2024-11-25,laboral,viajes,zona_inicio_viaje,0,1131
2024-11-25,laboral,viajes,zona_fin_viaje,0,969539
2024-11-25,laboral,viajes,netapassinbajada,0,0
2024-11-25,laboral,viajes,ultimaetapaconbajada,0,0
2024-11-25,laboral,viajes,tipo_corte_etapa_viaje,0,0
2024-11-25,laboral,viajes,id_tarjeta,0,0
2024-11-25,laboral,viajes,id_viaje,0,0
2024-11-25,laboral,etapas,tipo_dia,0,0
2024-11-25,laboral,etapas,tipo_transporte,0,0
2024-11-25,laboral,etapas,fExpansionServicioPeriodoTS,0,0
2024-11-25,laboral,etapas,fExpansionZonaPeriodoTS,0,1058418
2024-11-25,laboral,etapas,tiene_bajada,0,0
2024-11-25,laboral,etapas,tiempo2,0,0
2024-11-25,laboral,etapas,tiempo_subida,0,0
2024-11-25,laboral,etapas,tiempo_bajada,0,1051017
2024-11-25,laboral,etapas,tiempo_etapa,0,1051017
2024-11-25,laboral,etapas,x_subida,0,0
2024-11-25,laboral,etapas,y_subida,0,0
2024-11-25,laboral,etapas,x_bajada,0,1051017
2024-11-25,laboral,etapas,y_bajada,0,1051017
2024-11-25,laboral,etapas,dist_ruta_paraderos,0,1051017
2024-11-25,laboral,etapas,dist_eucl_paraderos,0,1051017
2024-11-25,laboral,etapas,comuna_subida,0,1418
2024-11-25,laboral,etapas,comuna_bajada,0,1058258
2024-11-25,laboral,etapas,zona_subida,0,1501
2024-11-25,laboral,etapas,zona_bajada,0,1058301
2024-11-25,laboral,etapas,periodoSubida,0,0
2024-11-25,laboral,etapas,periodoBajada,0,1051017
2024-11-25,laboral,etapas,id_etapa,0,0
2024-11-25,laboral,etapas,correlativo_viajes,0,0
2024-11-26,laboral,viajes,tipodia,0,0
2024-11-26,laboral,viajes,factor_expansion,0,0
2024-11-26,laboral,viajes,n_etapas,0,0
2024-11-26,laboral,viajes,tviaje,0,3578484
2024-11-26,laboral,viajes,tviaje2,0,1458325
2024-11-26,laboral,viajes,distancia_eucl,0,943219
2024-11-26,laboral,viajes,distancia_ruta,0,0
2024-11-26,laboral,viajes,tiempo_inicio_viaje,0,0
2024-11-26,laboral,viajes,tiempo_fin_viaje,0,943260
2024-11-26,laboral,viajes,periodo_inicio_viaje,0,0
2024-11-26,laboral,viajes,periodo_fin_viaje,0,0
2024-11-26,laboral,viajes,comuna_inicio_viaje,0,0
2024-11-26,laboral,viajes,comuna_fin_viaje,0,0
2024-11-26,laboral,viajes,zona_inicio_viaje,0,1442
2024-11-26,laboral,viajes,zona_fin_viaje,0,947943
2024-11-26,laboral,viajes,netapassinbajada,0,0
2024-11-26,laboral,viajes,ultimaetapaconbajada,0,0
2024-11-26,laboral,viajes,tipo_corte_etapa_viaje,0,0
2024-11-26,laboral,viajes,id_tarjeta,0,0
2024-11-26,laboral,viajes,id_viaje,0,0
2024-11-26,laboral,etapas,tipo_dia,0,0
2024-11-26,laboral,etapas,tipo_transporte,0,0
2024-11-26,laboral,etapas,fExpansionServicioPeriodoTS,0,0
2024-11-26,laboral,etapas,fExpansionZonaPeriodoTS,0,1036538
2024-11-26,laboral,etapas,tiene_bajada,0,0
2024-11-26,laboral,etapas,tiempo2,0,0
2024-11-26,laboral,etapas,tiempo_subida,0,0
2024-11-26,laboral,etapas,tiempo_bajada,0,1030387
2024-11-26,laboral,etapas,tiempo_etapa,0,1030387
2024-11-26,laboral,etapas,x_subida,0,0
2024-11-26,laboral,etapas,y_subida,0,0
2024-11-26,laboral,etapas,x_bajada,0,1030387
2024-11-26,laboral,etapas,y_bajada,0,1030387
2024-11-26,laboral,etapas,dist_ruta_paraderos,0,1030387
2024-11-26,laboral,etapas,dist_eucl_paraderos,0,1030387
2024-11-26,laboral,etapas,comuna_subida,0,1872
2024-11-26,laboral,etapas,comuna_bajada,0,1036207
2024-11-26,laboral,etapas,zona_subida,0,1963
2024-11-26,laboral,etapas,zona_bajada,0,1036261
2024-11-26,laboral,etapas,periodoSubida,0,0
2024-11-26,laboral,etapas,periodoBajada,0,1030387
2024-11-26,laboral,etapas,id_etapa,0,0
2024-11-26,laboral,etapas,correlativo_viajes,0,0
2024-11-27,laboral,viajes,tipodia,0,0
2024-11-27,laboral,viajes,factor_expansion,0,0
2024-11-27,laboral,viajes,n_etapas,0,0
2024-11-27,laboral,viajes,tviaje,0,3618599
2024-11-27,laboral,viajes,tviaje2,0,1502249
2024-11-27,laboral,viajes,distancia_eucl,0,968480
2024-11-27,laboral,viajes,distancia_ruta,0,0
2024-11-27,laboral,viajes,tiempo_inicio_viaje,0,0
2024-11-27,laboral,viajes,tiempo_fin_viaje,0,968534
2024-11-27,laboral,viajes,periodo_inicio_viaje,0,0
2024-11-27,laboral,viajes,periodo_fin_viaje,0,0
2024-11-27,laboral,viajes,comuna_inicio_viaje,0,0
2024-11-27,laboral,viajes,comuna_fin_viaje,0,0
2024-11-27,laboral,viajes,zona_inicio_viaje,0,1270
2024-11-27,laboral,viajes,zona_fin_viaje,0,974367
2024-11-27,laboral,viajes,netapassinbajada,0,0
2024-11-27,laboral,viajes,ultimaetapaconbajada,0,0
2024-11-27,laboral,viajes,tipo_corte_etapa_viaje,0,0
2024-11-27,laboral,viajes,id_tarjeta,0,0
2024-11-27,laboral,viajes,id_viaje,0,0
2024-11-27,laboral,etapas,tipo_dia,0,0
2024-11-27,laboral,etapas,tipo_transporte,0,0
2024-11-27,laboral,etapas,fExpansionServicioPeriodoTS,0,0
2024-11-27,laboral,etapas,fExpansionZonaPeriodoTS,0,1066110
2024-11-27,laboral,etapas,tiene_bajada,0,0
2024-11-27,laboral,etapas,tiempo2,0,0
2024-11-27,laboral,etapas,tiempo_subida,0,0
2024-11-27,laboral,etapas,tiempo_bajada,0,1058140
2024-11-27,laboral,etapas,tiempo_etapa,0,1058140
2024-11-27,laboral,etapas,x_subida,0,0
2024-11-27,laboral,etapas,y_subida,0,0
2024-11-27,laboral,etapas,x_bajada,0,1058140
2024-11-27,laboral,etapas,y_bajada,0,1058140
2024-11-27,laboral,etapas,dist_ruta_paraderos,0,1058140
2024-11-27,laboral,etapas,dist_eucl_paraderos,0,1058140
2024-11-27,laboral,etapas,comuna_subida,0,1523
2024-11-27,laboral,etapas,comuna_bajada,0,1066004
2024-11-27,laboral,etapas,zona_subida,0,1608
2024-11-27,laboral,etapas,zona_bajada,0,1066053
2024-11-27,laboral,etapas,periodoSubida,0,0
2024-11-27,laboral,etapas,periodoBajada,0,1058140
2024-11-27,laboral,etapas,id_etapa,0,0
2024-11-27,laboral,etapas,correlativo_viajes,0,0
2024-11-28,laboral,viajes,tipodia,0,0
2024-11-28,laboral,viajes,factor_expansion,0,0
2024-11-28,laboral,viajes,n_etapas,0,0
2024-11-28,laboral,viajes,tviaje,0,3602520
2024-11-28,laboral,viajes,tviaje2,0,1527291
2024-11-28,laboral,viajes,distancia_eucl,0,991475
2024-11-28,laboral,viajes,distancia_ruta,0,0
2024-11-28,laboral,viajes,tiempo_inicio_viaje,0,0
2024-11-28,laboral,viajes,tiempo_fin_viaje,0,991525
2024-11-28,laboral,viajes,periodo_inicio_viaje,0,0
2024-11-28,laboral,viajes,periodo_fin_viaje,0,0
2024-11-28,laboral,viajes,comuna_inicio_viaje,0,0
2024-11-28,laboral,viajes,comuna_fin_viaje,0,0
2024-11-28,laboral,viajes,zona_inicio_viaje,0,1453
2024-11-28,laboral,viajes,zona_fin_viaje,0,998089
2024-11-28,laboral,viajes,netapassinbajada,0,0
2024-11-28,laboral,viajes,ultimaetapaconbajada,0,0
2024-11-28,laboral,viajes,tipo_corte_etapa_viaje,0,0
2024-11-28,laboral,viajes,id_tarjeta,0,0
2024-11-28,laboral,viajes,id_viaje,0,0
2024-11-28,laboral,etapas,tipo_dia,0,0
2024-11-28,laboral,etapas,tipo_transporte,0,0
2024-11-28,laboral,etapas,fExpansionServicioPeriodoTS,0,0
2024-11-28,laboral,etapas,fExpansionZonaPeriodoTS,0,1090598
2024-11-28,laboral,etapas,tiene_bajada,0,0
2024-11-28,laboral,etapas,tiempo2,0,0
2024-11-28,laboral,etapas,tiempo_subida,0,0
2024-11-28,laboral,etapas,tiempo_bajada,0,1081507
2024-11-28,laboral,etapas,tiempo_etapa,0,1081507
2024-11-28,laboral,etapas,x_subida,0,0
2024-11-28,laboral,etapas,y_subida,0,0
2024-11-28,laboral,etapas,x_bajada,0,1081507
2024-11-28,laboral,etapas,y_bajada,0,1081507
2024-11-28,laboral,etapas,dist_ruta_paraderos,0,1081507
2024-11-28,laboral,etapas,dist_eucl_paraderos,0,1081507
2024-11-28,laboral,etapas,comuna_subida,0,1807
2024-11-28,laboral,etapas,comuna_bajada,0,1090597
2024-11-28,laboral,etapas,zona_subida,0,1911
2024-11-28,laboral,etapas,zona_bajada,0,1090648
2024-11-28,laboral,etapas,periodoSubida,0,0
2024-11-28,laboral,etapas,periodoBajada,0,1081507
2024-11-28,laboral,etapas,id_etapa,0,0
2024-11-28,laboral,etapas,correlativo_viajes,0,0
2024-11-29,laboral,viajes,tipodia,0,0
2024-11-29,laboral,viajes,factor_expansion,0,0
2024-11-29,laboral,viajes,n_etapas,0,0
2024-11-29,laboral,viajes,tviaje,0,3620619
2024-11-29,laboral,viajes,tviaje2,0,1585524
2024-11-29,laboral,viajes,distancia_eucl,0,1075792
2024-11-29,laboral,viajes,distancia_ruta,0,0
2024-11-29,laboral,viajes,tiempo_inicio_viaje,0,0
2024-11-29,laboral,viajes,tiempo_fin_viaje,0,1075863
2024-11-29,laboral,viajes,periodo_inicio_viaje,0,0
2024-11-29,laboral,viajes,periodo_fin_viaje,0,0
2024-11-29,laboral,viajes,comuna_inicio_viaje,0,0
2024-11-29,laboral,viajes,comuna_fin_viaje,0,0
2024-11-29,laboral,viajes,zona_inicio_viaje,0,1261
2024-11-29,laboral,viajes,zona_fin_viaje,0,1080488
2024-11-29,laboral,viajes,netapassinbajada,0,0
2024-11-29,laboral,viajes,ultimaetapaconbajada,0,0
2024-11-29,laboral,viajes,tipo_corte_etapa_viaje,0,0
2024-11-29,laboral,viajes,id_tarjeta,0,0
2024-11-29,laboral,viajes,id_viaje,0,0
2024-11-29,laboral,etapas,tipo_dia,0,0
2024-11-29,laboral,etapas,tipo_transporte,0,0
2024-11-29,laboral,etapas,fExpansionServicioPeriodoTS,0,0
2024-11-29,laboral,etapas,fExpansionZonaPeriodoTS,0,1172008
2024-11-29,laboral,etapas,tiene_bajada,0,0
2024-11-29,laboral,etapas,tiempo2,0,0
2024-11-29,laboral,etapas,tiempo_subida,0,0
2024-11-29,laboral,etapas,tiempo_bajada,0,1165847
2024-11-29,laboral,etapas,tiempo_etapa,0,1165847
2024-11-29,laboral,etapas,x_subida,0,0
2024-11-29,laboral,etapas,y_subida,0,0
2024-11-29,laboral,etapas,x_bajada,0,1165847
2024-11-29,laboral,etapas,y_bajada,0,1165847
2024-11-29,laboral,etapas,dist_ruta_paraderos,0,1165847
2024-11-29,laboral,etapas,dist_eucl_paraderos,0,1165847
2024-11-29,laboral,etapas,comuna_subida,0,1523
2024-11-29,laboral,etapas,comuna_bajada,0,1171515
2024-11-29,laboral,etapas,zona_subida,0,1607
2024-11-29,laboral,etapas,zona_bajada,0,1171578
2024-11-29,laboral,etapas,periodoSubida,0,0
2024-11-29,laboral,etapas,periodoBajada,0,1165847
2024-11-29,laboral,etapas,id_etapa,0,0
2024-11-29,laboral,etapas,correlativo_viajes,0,0
