service_date,day_class,table,field,unique_nonempty_values,both_present,valid_epsg_32719_broad,invalid_or_outside_broad_range
2024-11-01,laboral,viajes,comuna_inicio_viaje,37,,,
2024-11-01,laboral,viajes,comuna_fin_viaje,37,,,
2024-11-01,laboral,viajes,zona_inicio_viaje,798,,,
2024-11-01,laboral,viajes,zona_fin_viaje,799,,,
2024-11-01,laboral,etapas,comuna_subida,36,,,
2024-11-01,laboral,etapas,comuna_bajada,36,,,
2024-11-01,laboral,etapas,zona_subida,798,,,
2024-11-01,laboral,etapas,zona_bajada,799,,,
2024-11-01,laboral,etapas,coordinates_subida,,1751628,1750932,696
2024-11-01,laboral,etapas,coordinates_bajada,,1158371,1158371,0
2024-11-02,sabado,viajes,comuna_inicio_viaje,37,,,
2024-11-02,sabado,viajes,comuna_fin_viaje,37,,,
2024-11-02,sabado,viajes,zona_inicio_viaje,799,,,
2024-11-02,sabado,viajes,zona_fin_viaje,798,,,
2024-11-02,sabado,etapas,comuna_subida,36,,,
2024-11-02,sabado,etapas,comuna_bajada,36,,,
2024-11-02,sabado,etapas,zona_subida,799,,,
2024-11-02,sabado,etapas,zona_bajada,798,,,
2024-11-02,sabado,etapas,coordinates_subida,,2255130,2254391,739
2024-11-02,sabado,etapas,coordinates_bajada,,1565207,1565207,0
2024-11-03,domingo,viajes,comuna_inicio_viaje,37,,,
2024-11-03,domingo,viajes,comuna_fin_viaje,37,,,
2024-11-03,domingo,viajes,zona_inicio_viaje,799,,,
2024-11-03,domingo,viajes,zona_fin_viaje,799,,,
2024-11-03,domingo,etapas,comuna_subida,36,,,
2024-11-03,domingo,etapas,comuna_bajada,36,,,
2024-11-03,domingo,etapas,zona_subida,799,,,
2024-11-03,domingo,etapas,zona_bajada,799,,,
2024-11-03,domingo,etapas,coordinates_subida,,1426271,1425960,311
2024-11-03,domingo,etapas,coordinates_bajada,,927189,927189,0
2024-11-04,laboral,viajes,comuna_inicio_viaje,37,,,
2024-11-04,laboral,viajes,comuna_fin_viaje,37,,,
2024-11-04,laboral,viajes,zona_inicio_viaje,799,,,
2024-11-04,laboral,viajes,zona_fin_viaje,799,,,
2024-11-04,laboral,etapas,comuna_subida,36,,,
2024-11-04,laboral,etapas,comuna_bajada,36,,,
2024-11-04,laboral,etapas,zona_subida,799,,,
2024-11-04,laboral,etapas,zona_bajada,799,,,
2024-11-04,laboral,etapas,coordinates_subida,,4848086,4846178,1908
2024-11-04,laboral,etapas,coordinates_bajada,,3780116,3780116,0
2024-11-05,laboral,viajes,comuna_inicio_viaje,37,,,
2024-11-05,laboral,viajes,comuna_fin_viaje,37,,,
2024-11-05,laboral,viajes,zona_inicio_viaje,798,,,
2024-11-05,laboral,viajes,zona_fin_viaje,798,,,
2024-11-05,laboral,etapas,comuna_subida,36,,,
2024-11-05,laboral,etapas,comuna_bajada,36,,,
2024-11-05,laboral,etapas,zona_subida,798,,,
2024-11-05,laboral,etapas,zona_bajada,798,,,
2024-11-05,laboral,etapas,coordinates_subida,,4920173,4916256,3917
2024-11-05,laboral,etapas,coordinates_bajada,,3866804,3866804,0
2024-11-06,laboral,viajes,comuna_inicio_viaje,37,,,
2024-11-06,laboral,viajes,comuna_fin_viaje,37,,,
2024-11-06,laboral,viajes,zona_inicio_viaje,798,,,
2024-11-06,laboral,viajes,zona_fin_viaje,799,,,
2024-11-06,laboral,etapas,comuna_subida,36,,,
2024-11-06,laboral,etapas,comuna_bajada,36,,,
2024-11-06,laboral,etapas,zona_subida,798,,,
2024-11-06,laboral,etapas,zona_bajada,799,,,
2024-11-06,laboral,etapas,coordinates_subida,,4961991,4957936,4055
2024-11-06,laboral,etapas,coordinates_bajada,,3892914,3892914,0
2024-11-07,laboral,viajes,comuna_inicio_viaje,37,,,
2024-11-07,laboral,viajes,comuna_fin_viaje,37,,,
2024-11-07,laboral,viajes,zona_inicio_viaje,798,,,
2024-11-07,laboral,viajes,zona_fin_viaje,799,,,
2024-11-07,laboral,etapas,comuna_subida,36,,,
2024-11-07,laboral,etapas,comuna_bajada,36,,,
2024-11-07,laboral,etapas,zona_subida,798,,,
2024-11-07,laboral,etapas,zona_bajada,799,,,
2024-11-07,laboral,etapas,coordinates_subida,,4907388,4906299,1089
2024-11-07,laboral,etapas,coordinates_bajada,,3838203,3838203,0
2024-11-08,laboral,viajes,comuna_inicio_viaje,37,,,
2024-11-08,laboral,viajes,comuna_fin_viaje,37,,,
2024-11-08,laboral,viajes,zona_inicio_viaje,798,,,
2024-11-08,laboral,viajes,zona_fin_viaje,799,,,
2024-11-08,laboral,etapas,comuna_subida,36,,,
2024-11-08,laboral,etapas,comuna_bajada,36,,,
2024-11-08,laboral,etapas,zona_subida,798,,,
2024-11-08,laboral,etapas,zona_bajada,799,,,
2024-11-08,laboral,etapas,coordinates_subida,,4840021,4839495,526
2024-11-08,laboral,etapas,coordinates_bajada,,3680621,3680621,0
2024-11-09,sabado,viajes,comuna_inicio_viaje,37,,,
2024-11-09,sabado,viajes,comuna_fin_viaje,37,,,
2024-11-09,sabado,viajes,zona_inicio_viaje,798,,,
2024-11-09,sabado,viajes,zona_fin_viaje,797,,,
2024-11-09,sabado,etapas,comuna_subida,36,,,
2024-11-09,sabado,etapas,comuna_bajada,36,,,
2024-11-09,sabado,etapas,zona_subida,798,,,
2024-11-09,sabado,etapas,zona_bajada,797,,,
2024-11-09,sabado,etapas,coordinates_subida,,2667384,2666598,786
2024-11-09,sabado,etapas,coordinates_bajada,,1858703,1858703,0
2024-11-10,domingo,viajes,comuna_inicio_viaje,37,,,
2024-11-10,domingo,viajes,comuna_fin_viaje,37,,,
2024-11-10,domingo,viajes,zona_inicio_viaje,799,,,
2024-11-10,domingo,viajes,zona_fin_viaje,798,,,
2024-11-10,domingo,etapas,comuna_subida,36,,,
2024-11-10,domingo,etapas,comuna_bajada,36,,,
2024-11-10,domingo,etapas,zona_subida,799,,,
2024-11-10,domingo,etapas,zona_bajada,798,,,
2024-11-10,domingo,etapas,coordinates_subida,,1500391,1500098,293
2024-11-10,domingo,etapas,coordinates_bajada,,968444,968444,0
2024-11-11,laboral,viajes,comuna_inicio_viaje,37,,,
2024-11-11,laboral,viajes,comuna_fin_viaje,37,,,
2024-11-11,laboral,viajes,zona_inicio_viaje,799,,,
2024-11-11,laboral,viajes,zona_fin_viaje,798,,,
2024-11-11,laboral,etapas,comuna_subida,36,,,
2024-11-11,laboral,etapas,comuna_bajada,36,,,
2024-11-11,laboral,etapas,zona_subida,799,,,
2024-11-11,laboral,etapas,zona_bajada,798,,,
2024-11-11,laboral,etapas,coordinates_subida,,4704552,4703739,813
2024-11-11,laboral,etapas,coordinates_bajada,,3613606,3613606,0
2024-11-12,laboral,viajes,comuna_inicio_viaje,37,,,
2024-11-12,laboral,viajes,comuna_fin_viaje,37,,,
2024-11-12,laboral,viajes,zona_inicio_viaje,799,,,
2024-11-12,laboral,viajes,zona_fin_viaje,799,,,
2024-11-12,laboral,etapas,comuna_subida,36,,,
2024-11-12,laboral,etapas,comuna_bajada,36,,,
2024-11-12,laboral,etapas,zona_subida,799,,,
2024-11-12,laboral,etapas,zona_bajada,799,,,
2024-11-12,laboral,etapas,coordinates_subida,,4712293,4709633,2660
2024-11-12,laboral,etapas,coordinates_bajada,,3623645,3623645,0
2024-11-13,laboral,viajes,comuna_inicio_viaje,37,,,
2024-11-13,laboral,viajes,comuna_fin_viaje,37,,,
2024-11-13,laboral,viajes,zona_inicio_viaje,799,,,
2024-11-13,laboral,viajes,zona_fin_viaje,799,,,
2024-11-13,laboral,etapas,comuna_subida,36,,,
2024-11-13,laboral,etapas,comuna_bajada,36,,,
2024-11-13,laboral,etapas,zona_subida,799,,,
2024-11-13,laboral,etapas,zona_bajada,799,,,
2024-11-13,laboral,etapas,coordinates_subida,,4814084,4813246,838
2024-11-13,laboral,etapas,coordinates_bajada,,3761140,3761140,0
2024-11-14,laboral,viajes,comuna_inicio_viaje,37,,,
2024-11-14,laboral,viajes,comuna_fin_viaje,37,,,
2024-11-14,laboral,viajes,zona_inicio_viaje,798,,,
2024-11-14,laboral,viajes,zona_fin_viaje,798,,,
2024-11-14,laboral,etapas,comuna_subida,36,,,
2024-11-14,laboral,etapas,comuna_bajada,36,,,
2024-11-14,laboral,etapas,zona_subida,798,,,
2024-11-14,laboral,etapas,zona_bajada,798,,,
2024-11-14,laboral,etapas,coordinates_subida,,4887839,4886267,1572
2024-11-14,laboral,etapas,coordinates_bajada,,3825507,3825507,0
2024-11-15,laboral,viajes,comuna_inicio_viaje,37,,,
2024-11-15,laboral,viajes,comuna_fin_viaje,37,,,
2024-11-15,laboral,viajes,zona_inicio_viaje,798,,,
2024-11-15,laboral,viajes,zona_fin_viaje,799,,,
2024-11-15,laboral,etapas,comuna_subida,36,,,
2024-11-15,laboral,etapas,comuna_bajada,36,,,
2024-11-15,laboral,etapas,zona_subida,798,,,
2024-11-15,laboral,etapas,zona_bajada,799,,,
2024-11-15,laboral,etapas,coordinates_subida,,4832617,4831465,1152
2024-11-15,laboral,etapas,coordinates_bajada,,3677554,3677554,0
2024-11-16,sabado,viajes,comuna_inicio_viaje,37,,,
2024-11-16,sabado,viajes,comuna_fin_viaje,37,,,
2024-11-16,sabado,viajes,zona_inicio_viaje,798,,,
2024-11-16,sabado,viajes,zona_fin_viaje,799,,,
2024-11-16,sabado,etapas,comuna_subida,36,,,
2024-11-16,sabado,etapas,comuna_bajada,36,,,
2024-11-16,sabado,etapas,zona_subida,798,,,
2024-11-16,sabado,etapas,zona_bajada,799,,,
2024-11-16,sabado,etapas,coordinates_subida,,2661105,2660805,300
2024-11-16,sabado,etapas,coordinates_bajada,,1857072,1857072,0
2024-11-17,domingo,viajes,comuna_inicio_viaje,37,,,
2024-11-17,domingo,viajes,comuna_fin_viaje,37,,,
2024-11-17,domingo,viajes,zona_inicio_viaje,798,,,
2024-11-17,domingo,viajes,zona_fin_viaje,798,,,
2024-11-17,domingo,etapas,comuna_subida,36,,,
2024-11-17,domingo,etapas,comuna_bajada,36,,,
2024-11-17,domingo,etapas,zona_subida,798,,,
2024-11-17,domingo,etapas,zona_bajada,798,,,
2024-11-17,domingo,etapas,coordinates_subida,,1534904,1534323,581
2024-11-17,domingo,etapas,coordinates_bajada,,1005692,1005692,0
2024-11-18,laboral,viajes,comuna_inicio_viaje,37,,,
2024-11-18,laboral,viajes,comuna_fin_viaje,37,,,
2024-11-18,laboral,viajes,zona_inicio_viaje,797,,,
2024-11-18,laboral,viajes,zona_fin_viaje,798,,,
2024-11-18,laboral,etapas,comuna_subida,36,,,
2024-11-18,laboral,etapas,comuna_bajada,36,,,
2024-11-18,laboral,etapas,zona_subida,797,,,
2024-11-18,laboral,etapas,zona_bajada,798,,,
2024-11-18,laboral,etapas,coordinates_subida,,4787836,4786636,1200
2024-11-18,laboral,etapas,coordinates_bajada,,3719530,3719530,0
2024-11-19,laboral,viajes,comuna_inicio_viaje,37,,,
2024-11-19,laboral,viajes,comuna_fin_viaje,37,,,
2024-11-19,laboral,viajes,zona_inicio_viaje,798,,,
2024-11-19,laboral,viajes,zona_fin_viaje,799,,,
2024-11-19,laboral,etapas,comuna_subida,36,,,
2024-11-19,laboral,etapas,comuna_bajada,36,,,
2024-11-19,laboral,etapas,zona_subida,798,,,
2024-11-19,laboral,etapas,zona_bajada,799,,,
2024-11-19,laboral,etapas,coordinates_subida,,4861726,4861023,703
2024-11-19,laboral,etapas,coordinates_bajada,,3811569,3811569,0
2024-11-20,laboral,viajes,comuna_inicio_viaje,37,,,
2024-11-20,laboral,viajes,comuna_fin_viaje,37,,,
2024-11-20,laboral,viajes,zona_inicio_viaje,798,,,
2024-11-20,laboral,viajes,zona_fin_viaje,799,,,
2024-11-20,laboral,etapas,comuna_subida,36,,,
2024-11-20,laboral,etapas,comuna_bajada,36,,,
2024-11-20,laboral,etapas,zona_subida,798,,,
2024-11-20,laboral,etapas,zona_bajada,799,,,
2024-11-20,laboral,etapas,coordinates_subida,,4897118,4896375,743
2024-11-20,laboral,etapas,coordinates_bajada,,3835760,3835760,0
2024-11-21,laboral,viajes,comuna_inicio_viaje,37,,,
2024-11-21,laboral,viajes,comuna_fin_viaje,37,,,
2024-11-21,laboral,viajes,zona_inicio_viaje,799,,,
2024-11-21,laboral,viajes,zona_fin_viaje,799,,,
2024-11-21,laboral,etapas,comuna_subida,36,,,
2024-11-21,laboral,etapas,comuna_bajada,36,,,
2024-11-21,laboral,etapas,zona_subida,799,,,
2024-11-21,laboral,etapas,zona_bajada,799,,,
2024-11-21,laboral,etapas,coordinates_subida,,4830969,4830137,832
2024-11-21,laboral,etapas,coordinates_bajada,,3780838,3780838,0
2024-11-22,laboral,viajes,comuna_inicio_viaje,37,,,
2024-11-22,laboral,viajes,comuna_fin_viaje,37,,,
2024-11-22,laboral,viajes,zona_inicio_viaje,798,,,
2024-11-22,laboral,viajes,zona_fin_viaje,799,,,
2024-11-22,laboral,etapas,comuna_subida,36,,,
2024-11-22,laboral,etapas,comuna_bajada,36,,,
2024-11-22,laboral,etapas,zona_subida,798,,,
2024-11-22,laboral,etapas,zona_bajada,799,,,
2024-11-22,laboral,etapas,coordinates_subida,,4722466,4721312,1154
2024-11-22,laboral,etapas,coordinates_bajada,,3609616,3609616,0
2024-11-23,sabado,viajes,comuna_inicio_viaje,37,,,
2024-11-23,sabado,viajes,comuna_fin_viaje,37,,,
2024-11-23,sabado,viajes,zona_inicio_viaje,799,,,
2024-11-23,sabado,viajes,zona_fin_viaje,799,,,
2024-11-23,sabado,etapas,comuna_subida,36,,,
2024-11-23,sabado,etapas,comuna_bajada,36,,,
2024-11-23,sabado,etapas,zona_subida,799,,,
2024-11-23,sabado,etapas,zona_bajada,799,,,
2024-11-23,sabado,etapas,coordinates_subida,,2563888,2563344,544
2024-11-23,sabado,etapas,coordinates_bajada,,1798456,1798456,0
2024-11-24,domingo,viajes,comuna_inicio_viaje,37,,,
2024-11-24,domingo,viajes,comuna_fin_viaje,37,,,
2024-11-24,domingo,viajes,zona_inicio_viaje,798,,,
2024-11-24,domingo,viajes,zona_fin_viaje,799,,,
2024-11-24,domingo,etapas,comuna_subida,36,,,
2024-11-24,domingo,etapas,comuna_bajada,36,,,
2024-11-24,domingo,etapas,zona_subida,798,,,
2024-11-24,domingo,etapas,zona_bajada,799,,,
2024-11-24,domingo,etapas,coordinates_subida,,2015003,2014600,403
2024-11-24,domingo,etapas,coordinates_bajada,,1356754,1356754,0
2024-11-25,laboral,viajes,comuna_inicio_viaje,37,,,
2024-11-25,laboral,viajes,comuna_fin_viaje,37,,,
2024-11-25,laboral,viajes,zona_inicio_viaje,798,,,
2024-11-25,laboral,viajes,zona_fin_viaje,799,,,
2024-11-25,laboral,etapas,comuna_subida,36,,,
2024-11-25,laboral,etapas,comuna_bajada,36,,,
2024-11-25,laboral,etapas,zona_subida,798,,,
2024-11-25,laboral,etapas,zona_bajada,799,,,
2024-11-25,laboral,etapas,coordinates_subida,,4700060,4699209,851
2024-11-25,laboral,etapas,coordinates_bajada,,3649043,3649043,0
2024-11-26,laboral,viajes,comuna_inicio_viaje,37,,,
2024-11-26,laboral,viajes,comuna_fin_viaje,37,,,
2024-11-26,laboral,viajes,zona_inicio_viaje,798,,,
2024-11-26,laboral,viajes,zona_fin_viaje,799,,,
2024-11-26,laboral,etapas,comuna_subida,36,,,
2024-11-26,laboral,etapas,comuna_bajada,36,,,
2024-11-26,laboral,etapas,zona_subida,798,,,
2024-11-26,laboral,etapas,zona_bajada,799,,,
2024-11-26,laboral,etapas,coordinates_subida,,4817522,4816308,1214
2024-11-26,laboral,etapas,coordinates_bajada,,3787135,3787135,0
2024-11-27,laboral,viajes,comuna_inicio_viaje,37,,,
2024-11-27,laboral,viajes,comuna_fin_viaje,37,,,
2024-11-27,laboral,viajes,zona_inicio_viaje,799,,,
2024-11-27,laboral,viajes,zona_fin_viaje,799,,,
2024-11-27,laboral,etapas,comuna_subida,36,,,
2024-11-27,laboral,etapas,comuna_bajada,36,,,
2024-11-27,laboral,etapas,zona_subida,799,,,
2024-11-27,laboral,etapas,zona_bajada,799,,,
2024-11-27,laboral,etapas,coordinates_subida,,4861139,4860267,872
2024-11-27,laboral,etapas,coordinates_bajada,,3802999,3802999,0
2024-11-28,laboral,viajes,comuna_inicio_viaje,37,,,
2024-11-28,laboral,viajes,comuna_fin_viaje,37,,,
2024-11-28,laboral,viajes,zona_inicio_viaje,798,,,
2024-11-28,laboral,viajes,zona_fin_viaje,799,,,
2024-11-28,laboral,etapas,comuna_subida,36,,,
2024-11-28,laboral,etapas,comuna_bajada,36,,,
2024-11-28,laboral,etapas,zona_subida,798,,,
2024-11-28,laboral,etapas,zona_bajada,799,,,
2024-11-28,laboral,etapas,coordinates_subida,,4828015,4826778,1237
2024-11-28,laboral,etapas,coordinates_bajada,,3746508,3746508,0
2024-11-29,laboral,viajes,comuna_inicio_viaje,37,,,
2024-11-29,laboral,viajes,comuna_fin_viaje,37,,,
2024-11-29,laboral,viajes,zona_inicio_viaje,798,,,
2024-11-29,laboral,viajes,zona_fin_viaje,799,,,
2024-11-29,laboral,etapas,comuna_subida,36,,,
2024-11-29,laboral,etapas,comuna_bajada,36,,,
2024-11-29,laboral,etapas,zona_subida,798,,,
2024-11-29,laboral,etapas,zona_bajada,799,,,
2024-11-29,laboral,etapas,coordinates_subida,,4807235,4806414,821
2024-11-29,laboral,etapas,coordinates_bajada,,3641388,3641388,0
