service_date,day_type,exclusion_reason,trip_count
2024-11-01,laboral,missing_origin_zone,218
2024-11-01,laboral,trip_without_final_bajada_flag,1
2024-11-01,laboral,primary_eligible,775904
2024-11-01,laboral,n_etapas_mismatch,3506
2024-11-01,laboral,missing_destination_zone,562992
2024-11-01,laboral,invalid_origin_coordinate,426
2024-11-02,sabado,missing_origin_zone,307
2024-11-02,sabado,trip_without_final_bajada_flag,13
2024-11-02,sabado,missing_destination_zone,649142
2024-11-02,sabado,invalid_origin_coordinate,427
2024-11-02,sabado,primary_eligible,1087761
2024-11-02,sabado,n_etapas_mismatch,4779
2024-11-03,domingo,missing_destination_zone,476365
2024-11-03,domingo,invalid_origin_coordinate,171
2024-11-03,domingo,primary_eligible,626088
2024-11-03,domingo,n_etapas_mismatch,3336
2024-11-03,domingo,missing_origin_zone,145
2024-11-03,domingo,trip_without_final_bajada_flag,5
2024-11-04,laboral,missing_origin_zone,632
2024-11-04,laboral,trip_without_final_bajada_flag,35
2024-11-04,laboral,primary_eligible,2637548
2024-11-04,laboral,n_etapas_mismatch,7072
2024-11-04,laboral,missing_destination_zone,980752
2024-11-04,laboral,invalid_origin_coordinate,748
2024-11-05,laboral,missing_origin_zone,489
2024-11-05,laboral,trip_without_final_bajada_flag,29
2024-11-05,laboral,missing_destination_zone,962430
2024-11-05,laboral,invalid_origin_coordinate,990
2024-11-05,laboral,primary_eligible,2698854
2024-11-05,laboral,n_etapas_mismatch,7764
2024-11-06,laboral,missing_origin_zone,550
2024-11-06,laboral,trip_without_final_bajada_flag,37
2024-11-06,laboral,missing_destination_zone,978025
2024-11-06,laboral,invalid_origin_coordinate,994
2024-11-06,laboral,primary_eligible,2712640
2024-11-06,laboral,n_etapas_mismatch,7706
2024-11-07,laboral,missing_origin_zone,563
2024-11-07,laboral,trip_without_final_bajada_flag,32
2024-11-07,laboral,missing_destination_zone,984392
2024-11-07,laboral,invalid_origin_coordinate,701
2024-11-07,laboral,primary_eligible,2679409
2024-11-07,laboral,n_etapas_mismatch,7243
2024-11-08,laboral,missing_origin_zone,813
2024-11-08,laboral,trip_without_final_bajada_flag,25
2024-11-08,laboral,primary_eligible,2554063
2024-11-08,laboral,n_etapas_mismatch,7382
2024-11-08,laboral,missing_destination_zone,1073514
2024-11-08,laboral,invalid_origin_coordinate,317
2024-11-09,sabado,missing_destination_zone,761708
2024-11-09,sabado,invalid_origin_coordinate,487
2024-11-09,sabado,missing_origin_zone,360
2024-11-09,sabado,trip_without_final_bajada_flag,18
2024-11-09,sabado,primary_eligible,1297589
2024-11-09,sabado,n_etapas_mismatch,4708
2024-11-10,domingo,missing_origin_zone,192
2024-11-10,domingo,trip_without_final_bajada_flag,5
2024-11-10,domingo,primary_eligible,668729
2024-11-10,domingo,n_etapas_mismatch,2925
2024-11-10,domingo,missing_destination_zone,509976
2024-11-10,domingo,invalid_origin_coordinate,186
2024-11-11,laboral,missing_destination_zone,1003180
2024-11-11,laboral,invalid_origin_coordinate,519
2024-11-11,laboral,missing_origin_zone,750
2024-11-11,laboral,trip_without_final_bajada_flag,25
2024-11-11,laboral,primary_eligible,2531051
2024-11-11,laboral,n_etapas_mismatch,6293
2024-11-12,laboral,missing_destination_zone,989149
2024-11-12,laboral,invalid_origin_coordinate,1307
2024-11-12,laboral,primary_eligible,2552370
2024-11-12,laboral,n_etapas_mismatch,6577
2024-11-12,laboral,missing_origin_zone,926
2024-11-12,laboral,trip_without_final_bajada_flag,47
2024-11-13,laboral,missing_destination_zone,967775
2024-11-13,laboral,invalid_origin_coordinate,535
2024-11-13,laboral,primary_eligible,2624184
2024-11-13,laboral,n_etapas_mismatch,6927
2024-11-13,laboral,missing_origin_zone,667
2024-11-13,laboral,trip_without_final_bajada_flag,20
2024-11-14,laboral,missing_destination_zone,976561
2024-11-14,laboral,invalid_origin_coordinate,951
2024-11-14,laboral,primary_eligible,2647339
2024-11-14,laboral,n_etapas_mismatch,7540
2024-11-14,laboral,missing_origin_zone,679
2024-11-14,laboral,trip_without_final_bajada_flag,28
2024-11-15,laboral,missing_origin_zone,644
2024-11-15,laboral,trip_without_final_bajada_flag,25
2024-11-15,laboral,missing_destination_zone,1068033
2024-11-15,laboral,invalid_origin_coordinate,675
2024-11-15,laboral,primary_eligible,2537920
2024-11-15,laboral,n_etapas_mismatch,7875
2024-11-16,sabado,missing_origin_zone,388
2024-11-16,sabado,trip_without_final_bajada_flag,14
2024-11-16,sabado,missing_destination_zone,756796
2024-11-16,sabado,invalid_origin_coordinate,176
2024-11-16,sabado,primary_eligible,1289140
2024-11-16,sabado,n_etapas_mismatch,5059
2024-11-17,domingo,missing_destination_zone,504806
2024-11-17,domingo,invalid_origin_coordinate,361
2024-11-17,domingo,primary_eligible,682731
2024-11-17,domingo,n_etapas_mismatch,3280
2024-11-17,domingo,missing_origin_zone,208
2024-11-17,domingo,trip_without_final_bajada_flag,5
2024-11-18,laboral,missing_origin_zone,668
2024-11-18,laboral,trip_without_final_bajada_flag,40
2024-11-18,laboral,primary_eligible,2568012
2024-11-18,laboral,n_etapas_mismatch,6942
2024-11-18,laboral,missing_destination_zone,982441
2024-11-18,laboral,invalid_origin_coordinate,705
2024-11-19,laboral,missing_origin_zone,687
2024-11-19,laboral,trip_without_final_bajada_flag,45
2024-11-19,laboral,missing_destination_zone,964825
2024-11-19,laboral,invalid_origin_coordinate,455
2024-11-19,laboral,primary_eligible,2651714
2024-11-19,laboral,n_etapas_mismatch,7477
2024-11-20,laboral,primary_eligible,2671454
2024-11-20,laboral,n_etapas_mismatch,7640
2024-11-20,laboral,missing_origin_zone,624
2024-11-20,laboral,trip_without_final_bajada_flag,30
2024-11-20,laboral,missing_destination_zone,974900
2024-11-20,laboral,invalid_origin_coordinate,462
2024-11-21,laboral,missing_destination_zone,965987
2024-11-21,laboral,invalid_origin_coordinate,462
2024-11-21,laboral,missing_origin_zone,674
2024-11-21,laboral,trip_without_final_bajada_flag,23
2024-11-21,laboral,primary_eligible,2613563
2024-11-21,laboral,n_etapas_mismatch,7246
2024-11-22,laboral,missing_origin_zone,666
2024-11-22,laboral,trip_without_final_bajada_flag,25
2024-11-22,laboral,missing_destination_zone,1029225
2024-11-22,laboral,invalid_origin_coordinate,629
2024-11-22,laboral,primary_eligible,2486458
2024-11-22,laboral,n_etapas_mismatch,7471
2024-11-23,sabado,primary_eligible,1236153
2024-11-23,sabado,n_etapas_mismatch,4923
2024-11-23,sabado,missing_destination_zone,721011
2024-11-23,sabado,invalid_origin_coordinate,346
2024-11-23,sabado,missing_origin_zone,399
2024-11-23,sabado,trip_without_final_bajada_flag,9
2024-11-24,domingo,primary_eligible,937144
2024-11-24,domingo,n_etapas_mismatch,11621
2024-11-24,domingo,missing_origin_zone,234
2024-11-24,domingo,trip_without_final_bajada_flag,72
2024-11-24,domingo,missing_destination_zone,611581
2024-11-24,domingo,invalid_origin_coordinate,212
2024-11-25,laboral,missing_destination_zone,968937
2024-11-25,laboral,invalid_origin_coordinate,491
2024-11-25,laboral,primary_eligible,2527964
2024-11-25,laboral,n_etapas_mismatch,6616
2024-11-25,laboral,missing_origin_zone,639
2024-11-25,laboral,trip_without_final_bajada_flag,36
2024-11-26,laboral,missing_origin_zone,739
2024-11-26,laboral,trip_without_final_bajada_flag,28
2024-11-26,laboral,missing_destination_zone,947195
2024-11-26,laboral,invalid_origin_coordinate,701
2024-11-26,laboral,primary_eligible,2622121
2024-11-26,laboral,n_etapas_mismatch,7700
2024-11-27,laboral,missing_origin_zone,684
2024-11-27,laboral,trip_without_final_bajada_flag,36
2024-11-27,laboral,primary_eligible,2635947
2024-11-27,laboral,n_etapas_mismatch,7683
2024-11-27,laboral,missing_destination_zone,973668
2024-11-27,laboral,invalid_origin_coordinate,581
2024-11-28,laboral,missing_destination_zone,997228
2024-11-28,laboral,invalid_origin_coordinate,785
2024-11-28,laboral,missing_origin_zone,668
2024-11-28,laboral,trip_without_final_bajada_flag,38
2024-11-28,laboral,primary_eligible,2596595
2024-11-28,laboral,n_etapas_mismatch,7206
2024-11-29,laboral,missing_destination_zone,1079754
2024-11-29,laboral,invalid_origin_coordinate,492
2024-11-29,laboral,missing_origin_zone,769
2024-11-29,laboral,trip_without_final_bajada_flag,37
2024-11-29,laboral,primary_eligible,2531848
2024-11-29,laboral,n_etapas_mismatch,7719
