unit_id,origin_trip_count,origin_expanded_mass,destination_trip_count,destination_expanded_mass,unit_x_32719,unit_y_32719,unit_area_km2,unit_bbox_span_m,representation,tile_id,partition
87b2c5080ffffff,6146,9641.9617,5532,7679.406599999999,357817.66967436566,6292635.091174544,4.453734487187739,2693.501567386964,h3_r7,E23_N419,train
87b2c5081ffffff,419,630.5908000000001,288,413.9274,359766.60056268226,6291604.827809572,4.451746625780711,2692.882395823195,h3_r7,E23_N419,train
87b2c5082ffffff,77164,118342.8401,60903,87926.1061,355726.623211637,6291457.179665347,4.453813048024381,2693.7539375182823,h3_r7,E23_N419,train
87b2c5083ffffff,10036,15002.2812,9014,12733.7501,357675.89524647675,6290427.086142506,4.451826074005908,2693.134873431758,h3_r7,E23_N419,train
87b2c5084ffffff,262613,396382.4083999999,244371,350331.8524,357959.5013658133,6294843.717650648,4.455642369903897,2693.868029742269,h3_r7,E23_N419,train
87b2c5085ffffff,27,54.0682,2,2.8262,359908.67849777173,6293812.967289878,4.453654035713533,2693.248812145903,h3_r7,E23_N419,train
87b2c5086ffffff,54660,85430.4099,52568,75574.6852,355868.1512794333,6293665.671788009,4.455721934042178,2694.12067755498,h3_r7,E23_N419,train
87b2c5090ffffff,875198,1220112.1688000008,908989,1294968.0421000004,351685.3390444528,6291309.47371448,4.455875385854993,2694.6248169789906,h3_r7,E23_N419,train
87b2c5091ffffff,196075,288149.3112,171125,245963.1937,353635.5395484681,6290279.232840448,4.4538897180525865,2694.005922361859,h3_r7,E23_N419,train
87b2c5092ffffff,223826,325198.45249999996,200872,289076.593,349593.87777407974,6290131.321659982,4.455949273201796,2694.876308243489,h3_r7,E23_N419,train
87b2c5093ffffff,1311535,1809716.655400001,1396625,1993847.9756000005,351544.41912378103,6289101.250778027,4.453964497117696,2694.2575217462145,h3_r7,E23_N419,train
87b2c5094ffffff,246249,353783.41589999996,221477,315109.9515,351826.3167595047,6293518.318589503,4.457785745493718,2694.9918805717607,h3_r7,E23_N419,train
87b2c5095ffffff,281110,397109.085,264377,373982.1398,353776.76369261777,6292487.590449892,4.455799606082578,2694.3729400242446,h3_r7,E23_N419,train
87b2c5096ffffff,705347,930175.3436999996,767056,1049445.3215,349734.5511490477,6292340.031956786,4.457860633612745,2695.2436494581634,h3_r7,E23_N419,train
87b2c5098ffffff,50762,76455.8121,44773,67025.3957,355443.7394365335,6287042.060784418,4.449993691338997,2693.0197633336065,h3_r7,E23_N419,train
87b2c5099ffffff,14876,22495.1987,9734,14137.4843,357392.51826020645,6286012.941485781,4.448007667013688,2692.400792189641,h3_r7,E23_N419,train
87b2c509affffff,404786,564834.6354000001,382585,547914.2919000001,353353.2641700113,6285864.383748863,4.450068361409326,2693.2711932518287,h3_r7,E23_N419,train
87b2c509bffffff,222663,337670.8898,184806,272491.3467,355302.38376795757,6284835.434562687,4.448083226052709,2692.6523299198598,h3_r7,E23_N418,validation
87b2c509cffffff,127791,188240.0783,107312,153926.2054,355585.1525908682,6289249.309241269,4.45190363289523,2693.386965990532,h3_r7,E23_N419,train
87b2c509dffffff,10918,16023.5899,9711,14142.608900000001,357534.1781018771,6288219.702823512,4.449917133054892,2692.7679482438252,h3_r7,E23_N419,train
87b2c509effffff,139077,204635.24730000002,119194,170888.0846,353494.37303456804,6288071.497184003,4.451979302266813,2693.638673315407,h3_r7,E23_N419,train
87b2c50a2ffffff,92400,137415.907,87407,124619.88660000001,358101.39030101453,6297052.965301101,4.457549719453198,2694.234260133526,h3_r7,E23_N419,train
87b2c50a4ffffff,731,1098.3251,570,791.0491,360335.25470161776,6300441.111786561,4.45937306383339,2694.346669417224,h3_r7,E24_N420,train
87b2c50a6ffffff,21391,30773.6382,24011,33611.9016,358243.33646007604,6299262.833855437,4.459456533151583,2694.60025819327,h3_r7,E23_N419,train
87b2c50b0ffffff,831468,1121555.8057000006,882540,1236590.0148,354059.3847948759,6296906.170450758,4.459617788072542,2695.106279738189,h3_r7,E23_N419,train
87b2c50b1ffffff,269600,397989.5849,285878,408282.2096,356009.7367747617,6295874.785339866,4.457630288250588,2694.487185736536,h3_r7,E23_N419,train
87b2c50b2ffffff,457037,631056.5677999998,426878,594433.1326,351967.35224998475,6295727.785133599,4.45969557333383,2695.3587121549062,h3_r7,E23_N419,train
87b2c50b3ffffff,523122,725080.4728000001,506394,723947.5081,353918.0454478423,6294696.569743268,4.4577089636520135,2694.7397259394056,h3_r7,E23_N419,train
87b2c50b4ffffff,346041,473939.02190000017,360735,500317.6614,354200.78171438223,6299116.392301796,4.461526076642641,2695.4726010545273,h3_r7,E23_N419,train
87b2c50b5ffffff,263897,366056.2795,248466,346071.78260000004,356151.37967804435,6298084.520050772,4.459538107960083,2694.853461692692,h3_r7,E23_N419,train
87b2c50b6ffffff,566114,764099.3302000002,542128,752725.7624000001,352108.4454968689,6297937.873076537,4.461604866681707,2695.7253113660845,h3_r7,E23_N419,train
87b2c5180ffffff,150234,231134.5325,153442,217207.2422,358811.6929341473,6308108.511675896,4.467078375352485,2696.0619198242202,h3_r7,E23_N420,test
87b2c5181ffffff,72546,108846.6111,69255,99125.8594,360762.34407806676,6307074.839672249,4.465087232770152,2695.4424314651405,h3_r7,E24_N420,train
87b2c5182ffffff,16250,23943.706,16166,22252.879800000002,356718.524976279,6306929.6650557695,4.467163987717702,2696.3162359795533,h3_r7,E23_N420,test
87b2c5183ffffff,153045,223564.7818,159996,222033.8651,358669.5180802452,6305896.1622257605,4.465173732096058,2695.696854739217,h3_r7,E23_N420,test
87b2c5184ffffff,26197,41060.479,24474,34901.513,358953.9249111833,6310321.480666285,4.468982469237742,2696.4267507507466,h3_r7,E23_N420,test
87b2c5185ffffff,11206,18330.4035,8354,12097.6754,360904.82114662044,6309287.321781438,4.4669908633207225,2695.8072181723546,h3_r7,E24_N420,train
87b2c5186ffffff,51736,75971.1762,54321,75903.3229,356860.4546227583,6309142.501483498,4.469069094367581,2696.6813453368377,h3_r7,E23_N420,test
87b2c518affffff,69097,99378.26740000001,61349,82114.4696,360477.56083506334,6302651.7344013825,4.461278330321431,2694.712156721158,h3_r7,E24_N420,train
87b2c518effffff,50069,72016.1321,43859,59233.922399999996,360619.92396736634,6304862.977120962,4.463183054202581,2695.077410858823,h3_r7,E24_N420,train
87b2c5190ffffff,1,1.5063,0,0.0,352673.39566495223,6306784.433405615,4.469236641025253,2697.189377147588,h3_r7,E23_N420,test
87b2c5191ffffff,97940,140962.06100000002,88136,122357.7512,354625.3177130121,6305750.7819992965,4.4672477002232265,2696.570166460646,h3_r7,E23_N420,test
87b2c5192ffffff,14720,21587.1682,10052,14200.7745,350579.80787604325,6305605.344667066,4.469317562189609,2697.4428140209056,h3_r7,E23_N420,test
87b2c5193ffffff,129084,186254.0446,119717,166229.75400000002,352532.07158440433,6304571.8625847325,4.467329512704553,2696.823711094854,h3_r7,E23_N420,test
87b2c5198ffffff,680899,926454.9414999995,631271,869340.1501000001,356434.8376297568,6302505.8518654145,4.463352133053759,2695.5853154772776,h3_r7,E23_N420,test
87b2c5199ffffff,103168,148344.8273,98100,138610.7432,358385.3398230262,6301473.323042434,4.461362808289747,2694.9660235572373,h3_r7,E23_N420,test
87b2c519affffff,1121974,1476459.5038999994,1154394,1571636.7761999997,354342.2361869279,6301327.2350250725,4.4634338266608236,2695.838689525379,h3_r7,E23_N420,test
87b2c519bffffff,197145,282317.5353,176346,246904.53579999995,356293.07996962534,6300294.875649838,4.461445390457195,2695.2195050602313,h3_r7,E23_N420,test
87b2c519cffffff,346627,489263.9274,348109,483371.8321000001,356576.65263861016,6304717.448425107,4.465258333040962,2695.950892571127,h3_r7,E23_N420,test
87b2c519dffffff,74949,106463.799,70247,96610.4405,358527.4003697966,6303684.432590116,4.463268542177046,2695.331555862562,h3_r7,E23_N420,test
87b2c519effffff,273591,389487.1653,285931,395904.24130000005,354483.7481930029,6303538.698348512,4.465341035425988,2696.204544784734,h3_r7,E23_N420,test
87b2c51a2ffffff,7111,11438.8328,7995,11498.202000000001,359096.2139909609,6312535.068921956,4.470886011029135,2696.7913471508073,h3_r7,E23_N420,test
87b2c51a3ffffff,0,0.0,1,1.2864,361047.35515239206,6311500.423173973,4.468893943146904,2696.171770612942,h3_r7,E24_N420,train
87b2c51b0ffffff,13483,20036.8067,14229,19282.8541,355050.3711594267,6312390.752176217,4.472964403762883,2697.6656263559125,h3_r7,E23_N420,test
87b2c51b1ffffff,23991,36243.1829,25240,35101.704300000005,357002.44155797357,6311355.957433638,4.47097365028209,2697.0462202714407,h3_r7,E23_N420,test
87b2c51b2ffffff,5,7.3786000000000005,16,21.5362,352956.2167865358,6311211.4348817505,4.473049250864183,2697.920006268949,h3_r7,E23_N420,test
87b2c51b3ffffff,12427,18912.2995,11500,15871.737500000001,354908.6292160317,6310176.809187854,4.471059387105492,2697.300707612885,h3_r7,E23_N420,test
87b2c5400ffffff,957,1848.5604,632,957.1357,329503.9249627571,6291601.371786911,4.468104001015916,2699.5871860338375,h3_r7,E21_N419,train
87b2c5401ffffff,8513,16068.930600000002,7275,11053.7725,331459.35087426397,6290570.075682666,4.466125409058072,2698.9692183110747,h3_r7,E22_N419,train
87b2c5403ffffff,1235,2279.117,891,1343.8225,329366.01270687475,6289390.8964022985,4.4661853161185,2699.2182295113453,h3_r7,E21_N419,train
87b2c5405ffffff,282,510.493,145,222.5826,331597.569552263,6292780.685971167,4.468043099485131,2699.337897247693,h3_r7,E22_N419,train
87b2c5408ffffff,98821,151191.1857,74314,109986.84240000001,333275.7837908103,6287329.5984884575,4.462228623851895,2697.982319702278,h3_r7,E22_N419,train
87b2c5409ffffff,110333,166668.74200000003,103063,151445.354,335229.7888142301,6286299.426169645,4.460249621569685,2697.3642680475023,h3_r7,E22_N419,train
87b2c540bffffff,66734,100019.0501,58771,87255.8216,333137.4370953629,6285120.72292028,4.460310346161538,2697.613222018059,h3_r7,E22_N419,train
87b2c540cffffff,166498,260639.37910000002,136630,200279.37119999997,333414.18987102294,6289539.097480318,4.4641463765611915,2698.3511856199475,h3_r7,E22_N419,train
87b2c540dffffff,224345,338580.2327,201469,296861.9163,335368.44187991053,6288508.437086156,4.4621669062392,2697.7330883538816,h3_r7,E22_N419,train
87b2c5420ffffff,729,1256.7425,389,628.9742,331874.18544689065,6297203.774889326,4.471876882411785,2700.0745564776007,h3_r7,E22_N419,train
87b2c5421ffffff,803,1315.9094,541,761.3605,333829.7642564431,6296171.33230637,4.469896457757185,2699.456389125029,h3_r7,E22_N419,train
87b2c5422ffffff,4951,6873.2329,4677,6463.1557999999995,329779.9285611507,6296024.191663964,4.4719397769803395,2700.3244007680332,h3_r7,E21_N419,train
87b2c5424ffffff,661,1068.6471,246,342.91360000000003,332012.58263089403,6299416.252976798,4.473792969481167,2700.44253603596,h3_r7,E22_N419,train
87b2c5425ffffff,48497,77730.2758,43917,63182.4444,333968.40771149006,6298383.322297584,4.4718120834843935,2699.8243243147153,h3_r7,E22_N419,train
87b2c5426ffffff,6162,9417.9639,5439,7845.4878,329918.0198716775,6298236.535614882,4.473856862617039,2700.692658239277,h3_r7,E21_N419,train
87b2c5428ffffff,167875,243355.02300000002,150056,219228.30789999999,335645.9256026354,6292928.328157088,4.465999893844018,2698.4700329834013,h3_r7,E22_N419,train
87b2c5429ffffff,347036,501953.28160000005,337717,487950.33230000007,337600.08412226266,6291897.009530429,4.464019053736585,2697.8517806587042,h3_r7,E22_N419,train
87b2c542affffff,150831,233643.85070000007,120837,178652.4601,333552.65531966195,6291749.219627071,4.46606360158819,2698.719819409831,h3_r7,E22_N419,train
87b2c542bffffff,360501,525327.1726,361347,536525.3035,335507.1541482613,6290718.071171671,4.464083664563143,2698.101676787832,h3_r7,E22_N419,train
87b2c542cffffff,75005,110597.58610000001,86395,125801.3883,335784.75622628164,6295139.207772533,4.467915591374114,2698.838156570331,h3_r7,E22_N419,train
87b2c542dffffff,654020,915015.8194,690854,994881.9567999997,337739.16128280497,6294107.401194317,4.465934285961794,2698.219859200646,h3_r7,E22_N419,train
87b2c542effffff,837,1285.1777000000002,669,1013.797,333691.180120303,6293959.964659185,4.4679802962258455,2699.0882207037066,h3_r7,E22_N419,train
87b2c5430ffffff,1454,2055.8050000000003,1292,1790.4821,325728.79135380324,6295876.993271925,4.473978931343464,2701.1917381671956,h3_r7,E21_N419,train
87b2c5431ffffff,4205,5936.1884,3690,5196.2987,327685.6374952359,6294844.572699973,4.472000767068225,2700.5738570131944,h3_r7,E21_N419,train
87b2c5435ffffff,30012,43334.2528,27438,38429.203199999996,327823.4226322542,6297056.782353761,4.473918849943916,2700.942392339988,h3_r7,E21_N419,train
87b2c5440ffffff,167071,247450.2678,139613,211973.3546,343179.5785900475,6284388.9717171425,4.454244700566309,2695.26006123313,h3_r7,E22_N418,train
87b2c5441ffffff,530856,776210.9564999997,495146,726374.9116000001,345130.89457844367,6283359.8989581745,4.452263081511307,2694.641646867036,h3_r7,E23_N418,validation
87b2c5442ffffff,30482,48737.4103,18555,28446.5222,341088.2809433406,6283210.814640279,4.454310022484333,2695.509730727528,h3_r7,E22_N418,train
87b2c5443ffffff,295421,443290.6261999999,261213,393414.98599999986,343039.93710110115,6282181.912293546,4.452329301007928,2694.8914254548145,h3_r7,E22_N418,train
87b2c5444ffffff,57934,87645.5691,49877,74056.9203,343319.2786217743,6286596.654364207,4.456159579139987,2695.6284661701648,h3_r7,E22_N419,train
87b2c5445ffffff,244228,352397.6927999999,224731,330392.6611,345270.8416705864,6285567.093947596,4.454177486924858,2695.0100054147188,h3_r7,E23_N419,train
87b2c5446ffffff,37326,59610.809400000006,20888,31317.4819,341227.67525488447,6285418.361815695,4.456225895255076,2695.8784129500855,h3_r7,E22_N419,train
87b2c5448ffffff,486,895.7796,160,243.8832,346941.48716454755,6280125.05928184,4.448366591504003,2693.654627964541,h3_r7,E23_N418,validation
87b2c5449ffffff,55476,98961.7682,39830,60060.6567,348891.38093040924,6279097.108429246,4.4463846088345536,2693.0361365164863,h3_r7,E23_N418,validation
87b2c544affffff,25453,40121.865,17998,27649.2895,344851.17554764077,6278947.378955334,4.448432714436937,2693.9042383949854,h3_r7,E22_N418,train
87b2c544bffffff,84,157.9144,16,26.084500000000002,346801.4094121406,6277919.598633971,4.44645162660207,2693.2858557326254,h3_r7,E23_N418,validation
87b2c544cffffff,91474,148015.0262,72580,108902.2101,347081.62314962596,6282331.143445045,4.450281040781563,2694.023170237895,h3_r7,E23_N418,validation
87b2c544dffffff,33213,54604.000100000005,22282,34012.4703,349031.7642335925,6281302.705084012,4.448298581052315,2693.404631730111,h3_r7,E23_N418,validation
87b2c544effffff,66929,100957.52769999999,33987,51644.3751,344991.00586488046,6281153.327205337,4.45034815645736,2694.273057738319,h3_r7,E22_N418,train
87b2c5454ffffff,0,0.0,1,1.7839,337183.20672866167,6285269.571484534,4.458270185453781,2696.7461524119135,h3_r7,E22_N419,train
87b2c5456ffffff,43185,64615.404599999994,41395,61170.8558,335091.1949678021,6284091.0386905065,4.458331813267406,2696.9952162386617,h3_r7,E22_N418,train
87b2c5458ffffff,23964,35753.9314,14951,23387.445699999997,340809.6685111392,6278797.5909875315,4.45047672076371,2694.7716744675417,h3_r7,E22_N418,train
87b2c5459ffffff,226903,323680.3756,206841,309183.01269999996,342760.8298214981,6277769.66418269,4.4484969497142846,2694.1534628479276,h3_r7,E22_N418,train
87b2c545affffff,494,844.0880000000001,437,719.8741,338718.9493198631,6277619.671165913,4.450538169126809,2695.020403354487,h3_r7,E22_N418,train
87b2c545bffffff,4808,8934.7309,3901,6424.1338,340670.450424782,6276591.91504213,4.448559297197535,2694.4023011595127,h3_r7,E22_N418,train
87b2c545cffffff,75051,128481.9674,74540,115170.8033,340948.94535636296,6281003.890942112,4.452393630088542,2695.140817776497,h3_r7,E22_N418,train
87b2c545dffffff,163187,239548.56290000008,148696,224375.38599999997,342900.3541724405,6279975.476360086,4.450413383163575,2694.522559205885,h3_r7,E22_N418,train
87b2c5460ffffff,810343,1145115.9245999998,813723,1171225.8447999994,345550.9109192184,6289983.35256744,4.458004728033483,2695.746029296075,h3_r7,E23_N419,train
87b2c5461ffffff,141639,214719.5612,118245,172923.3062,347502.3803206762,6288953.134364611,4.456021267967474,2695.127413644863,h3_r7,E23_N419,train
87b2c5462ffffff,90091,143032.3893,77420,116053.9967,343459.03717868146,6288804.959967314,4.458073934035277,2695.99663990282,h3_r7,E22_N419,train
87b2c5463ffffff,865016,1253817.5656000013,809227,1172828.7936999998,345410.8471234811,6287774.911906602,4.456091369998433,2695.3781330125057,h3_r7,E23_N419,train
87b2c5464ffffff,544716,776600.3301000004,535474,764142.1604000002,345691.0330398006,6292192.415661609,4.459917558341489,2696.113693895226,h3_r7,E23_N419,train
87b2c5465ffffff,149168,224260.01659999997,119284,173569.62960000001,347642.74905581935,6291161.709923349,4.45793362783928,2695.4950324231177,h3_r7,E23_N419,train
87b2c5466ffffff,242360,364310.9803,214896,319772.6024,343598.85424309835,6291013.888258296,4.45998776256547,2696.3645820629317,h3_r7,E22_N419,train
87b2c5468ffffff,245748,380817.82529999997,189425,280748.6062,349312.7049749958,6285715.767914057,4.452124971847143,2694.140931587084,h3_r7,E23_N419,train
87b2c5469ffffff,193269,288967.20910000004,110785,163750.93740000002,351262.7527409131,6284686.671795003,4.4501411431130435,2693.522237824858,h3_r7,E23_N418,validation
87b2c546affffff,55513,85346.5969,43879,65598.034,347221.81734939665,6284537.850857753,4.45219497174239,2694.39148218889,h3_r7,E23_N418,validation
87b2c546bffffff,70648,111946.139,70802,104591.31480000001,349172.2055878848,6283508.925001001,4.450212036284145,2693.7728968765587,h3_r7,E23_N418,validation
87b2c546cffffff,165912,245989.07309999998,167737,245411.44979999997,349453.262376547,6287923.233556269,4.454037385053139,2694.508735499752,h3_r7,E23_N419,train
87b2c546dffffff,207862,309391.7592,189297,275142.1905,351403.5570163403,6286893.650048869,4.452053081968227,2693.889995239151,h3_r7,E23_N419,train
87b2c546effffff,431734,624139.4406,412077,599789.3683000001,347362.0697457934,6286745.181253384,4.454108381706737,2694.759563445521,h3_r7,E23_N419,train
87b2c5470ffffff,10648,18097.0443,9636,14192.359199999999,339414.39069760096,6288656.727552415,4.460122483925843,2696.865198733285,h3_r7,E22_N419,train
87b2c5471ffffff,16107,27069.2441,10878,16321.5314,341367.12827371224,6287626.53220126,4.458141245704151,2696.2468640723964,h3_r7,E22_N419,train
87b2c5472ffffff,22936,36539.7478,19388,28838.450399999998,337322.1068282556,6287478.094406474,4.460187000781099,2697.114926896058,h3_r7,E22_N419,train
87b2c5473ffffff,277,474.69219999999996,35,53.638,339275.184643841,6286448.069347562,4.458206662889669,2696.4967016323353,h3_r7,E22_N419,train
87b2c5474ffffff,103850,165179.14789999998,97309,144653.84730000002,339553.6556063384,6290866.008685637,4.462037778602385,2697.2334641119232,h3_r7,E22_N419,train
87b2c5475ffffff,131808,212126.1202,119377,180518.6652,341506.6399824652,6289835.32552913,4.460056071138828,2696.6150837310124,h3_r7,E22_N419,train
87b2c5476ffffff,607974,851358.8851000001,578112,834561.8555000001,337461.065965089,6289687.240511337,4.462103291107961,2697.4834697671467,h3_r7,E22_N419,train
87b2c5501ffffff,1094,2109.2058,1116,1751.6944999999998,332428.13093216653,6306057.418483882,4.479537980544221,2701.5450700447545,h3_r7,E22_N420,validation
87b2c5503ffffff,4048,7478.8837,4068,6367.089800000001,330332.6516548988,6304877.300252227,4.479604877528921,2701.7960266441805,h3_r7,E22_N420,validation
87b2c5508ffffff,810,1385.5166,665,961.9857000000001,334245.8725115389,6302809.16822415,4.475641716635965,2700.5594935091212,h3_r7,E22_N420,validation
87b2c5509ffffff,79559,123403.25200000001,66521,98347.6042,336201.6029442331,6301775.579689101,4.473659466352996,2699.941128003178,h3_r7,E22_N420,validation
87b2c550affffff,19224,37369.299100000004,12289,17922.7749,332151.03928413684,6301629.353120495,4.475708516674446,2700.810281728336,h3_r7,E22_N420,validation
87b2c550bffffff,11824,19298.9856,10803,15980.6948,334107.11046877666,6300595.934361028,4.47372717068001,2700.1920258997707,h3_r7,E22_N420,validation
87b2c550cffffff,5797,10879.2546,5272,7840.5961,334384.6938229401,6305023.023613647,4.477555718633649,2700.9267267776886,h3_r7,E22_N420,validation
87b2c550dffffff,57296,101524.09820000001,49376,74956.1104,336340.6700759162,6303988.947110945,4.475573009758329,2700.308317471179,h3_r7,E22_N420,validation
87b2c550effffff,2551,4765.3,2738,4358.83,332289.55539009545,6303843.075047433,4.477623521271934,2701.177793185925,h3_r7,E22_N420,validation
87b2c5511ffffff,3435,6371.3122,3414,5205.8596,326279.3060429655,6304731.519584721,4.481649861436096,2702.6646516024484,h3_r7,E21_N420,train
87b2c5518ffffff,1565,2878.2551,1388,2168.149,328099.1723985019,6301483.069095969,4.477753401519888,2701.6787616881193,h3_r7,E21_N420,train
87b2c5519ffffff,1596,2656.6319,1489,2204.2611,330056.17083496053,6300449.501878457,4.4757734097350586,2701.060681955947,h3_r7,E22_N420,validation
87b2c551bffffff,0,0.0,1,1.2103,327961.26760530437,6299269.614576532,4.475836395670724,2701.310694022686,h3_r7,E21_N419,train
87b2c551cffffff,1118,2187.0614,1118,1804.18,328237.13699588197,6303697.145639004,4.479669864767665,2702.0465949661448,h3_r7,E21_N420,train
87b2c551effffff,9359,17505.2334,9515,14834.6518,326141.58739678026,6302516.954722742,4.479732942123722,2702.296774844581,h3_r7,E21_N420,train
87b2c5528ffffff,72275,111366.56920000003,56282,83116.1497,336618.9815750056,6308417.545488445,4.479398457899159,2701.0419927011244,h3_r7,E22_N420,validation
87b2c5529ffffff,571899,849738.3056000002,518297,762164.2294000001,338574.862355671,6307382.811534597,4.477414389064188,2700.4234305104474,h3_r7,E22_N420,validation
87b2c552affffff,795,1304.2394,434,625.0277,334523.57438605867,6307237.5002554525,4.479469173948481,2701.2937253356795,h3_r7,E22_N420,validation
87b2c552bffffff,130223,212375.48150000002,122395,184065.8961,336479.79629192105,6306202.935802191,4.4774860078513425,2700.6752724964754,h3_r7,E22_N420,validation
87b2c552cffffff,37,42.8481,22,31.7853,336758.22590784414,6310632.775894564,4.481310357183174,2701.4084777180105,h3_r7,E22_N420,validation
87b2c552dffffff,14109,20884.3282,9029,13221.4067,338714.3520574783,6309597.554104374,4.4793258325368654,2700.7898723048274,h3_r7,E22_N420,validation
87b2c5540ffffff,335072,489800.1434999999,261644,379102.1465999999,344158.707219383,6299855.822911156,4.467637758887238,2697.8340276189265,h3_r7,E22_N419,train
87b2c5541ffffff,6310627,8638934.648299977,6960505,9699824.55450001,346111.7491694483,6298823.336847804,4.465652855869001,2697.215293936024,h3_r7,E23_N419,train
87b2c5542ffffff,546198,776999.9302999998,594961,854285.7668,342065.27336663415,6298676.722880483,4.467710068679514,2698.0856403747457,h3_r7,E22_N419,train
87b2c5543ffffff,2957059,4355846.918600012,3199729,4496058.6788,344018.65630337433,6297644.406565458,4.465726062878219,2697.4670154258492,h3_r7,E22_N419,train
87b2c5544ffffff,146074,228482.56609999997,114508,168811.5789,344298.8165532623,6302067.860592585,4.469548914999263,2698.2008064044057,h3_r7,E22_N420,validation
87b2c5545ffffff,810675,1159134.7626000002,849693,1205043.0481999998,346252.10440781544,6301034.886975246,4.4675635482357094,2697.5820281384513,h3_r7,E23_N420,test
87b2c5546ffffff,178136,270495.16870000004,159339,232466.0467,342205.0782617058,6300888.626875909,4.469622228496264,2698.4526972031454,h3_r7,E22_N420,validation
87b2c5548ffffff,673254,945737.5022000003,672729,960269.1185000001,347923.6609335578,6295580.727307302,4.4617567576249,2696.229574237077,h3_r7,E23_N419,train
87b2c5549ffffff,349262,483694.4358999998,350198,492360.4094,349875.2824828263,6294549.364177525,4.4597714635737535,2695.610758771887,h3_r7,E23_N419,train
87b2c554affffff,904463,1261113.591800001,987355,1397490.0588999996,345831.2134671537,6294402.100919852,4.461829858218649,2696.4811264493037,h3_r7,E23_N419,train
87b2c554bffffff,442437,632295.1759,447464,637649.2898000001,347783.1759329124,6293370.907660774,4.4598454586263525,2695.8624194089207,h3_r7,E23_N419,train
87b2c554cffffff,1972945,2729079.9099999988,2109007,2944167.3938999963,348064.20403928024,6297791.1685926,4.463667522137414,2696.596496539947,h3_r7,E23_N419,train
87b2c554dffffff,917900,1248234.5245999992,1009791,1404459.4369000006,350016.0717567033,6296759.318052286,4.4616817603957895,2695.977635819232,h3_r7,E23_N419,train
87b2c554effffff,1079237,1502348.0172000006,1171183,1660264.8376999996,345971.452183119,6296612.408072169,4.463741624961356,2696.8483265854884,h3_r7,E23_N419,train
87b2c5550ffffff,548986,768736.3318000004,503117,720614.5987000001,338017.49254567735,6298530.051374927,4.4697631483632865,2698.9553177652415,h3_r7,E22_N419,train
87b2c5551ffffff,893108,1278931.550200001,870914,1239265.4693999991,339971.8032899223,6297497.586961572,4.467780477455101,2698.336866235477,h3_r7,E22_N419,train
87b2c5552ffffff,257197,373639.1499,226788,325715.40400000004,335923.6460023853,6297350.709747392,4.469830754441124,2699.2060471803998,h3_r7,E22_N419,train
87b2c5553ffffff,630225,877104.9406999997,627699,898297.3250999999,337878.2974296559,6296318.415232796,4.467848985072581,2698.5877050251,h3_r7,E22_N419,train
87b2c5554ffffff,325253,500263.0286000001,298302,441536.9092,338156.7466136374,6300742.309349002,4.471676773123973,2699.32269705215,h3_r7,E22_N420,validation
87b2c5555ffffff,254815,374827.9833,216461,316132.0482,340111.3034456554,6299709.357110564,4.4696936396647144,2698.7042010466103,h3_r7,E22_N419,train
87b2c5556ffffff,255818,382273.5778,229093,334007.6302000001,336062.59491403087,6299562.833810287,4.471745380341368,2699.573704447772,h3_r7,E22_N419,train
87b2c5558ffffff,318913,454191.2241,273761,390116.8358,341785.83939989907,6294254.779936656,4.4638841361553325,2697.3508271892206,h3_r7,E22_N419,train
87b2c5559ffffff,129952,195949.4447,114745,171911.6709,343738.72979726404,6293223.438968222,4.4619010620093125,2696.7322922800668,h3_r7,E22_N419,train
87b2c555affffff,155855,244782.0821,128490,189620.61119999998,339692.979352851,6293075.912478212,4.463952544218809,2697.6014973999118,h3_r7,E22_N419,train
87b2c555bffffff,84228,128297.8713,67475,97747.33870000001,341646.2103637037,6292044.741530713,4.461970368850399,2696.983071557479,h3_r7,E22_N419,train
87b2c555cffffff,1536139,2180862.692300002,1542984,2215668.375199997,341925.52707343997,6296465.440476865,4.46579737033207,2697.7183502485277,h3_r7,E22_N419,train
87b2c555dffffff,295345,418062.23329999996,269487,383678.9659,343878.6638233316,6295433.611827419,4.463813829684407,2697.0997701908345,h3_r7,E22_N419,train
87b2c555effffff,256010,374306.4344999999,237514,341528.0006999999,339832.36191983614,6295286.438660365,4.4658667780736145,2697.9692982306588,h3_r7,E22_N419,train
87b2c5560ffffff,449344,641479.105,423994,604123.3508,346532.9895669315,6305459.85019575,4.471383306497759,2698.3147956223693,h3_r7,E23_N420,test
87b2c5561ffffff,174657,257150.78089999995,165465,231945.63230000006,348486.18180087383,6304426.219566502,4.469396581691528,2697.695864637906,h3_r7,E23_N420,test
87b2c5562ffffff,482864,696951.3488999999,475704,685333.9290999998,344438.9842868346,6304280.519337054,4.4714595285098255,2698.5673514090013,h3_r7,E22_N420,validation
87b2c5563ffffff,786887,1110432.9305000007,789625,1134379.419499999,346392.51787980966,6303247.058182233,4.469473699344167,2697.9485288236756,h3_r7,E23_N420,test
87b2c5565ffffff,80275,127432.32350000001,56989,82090.7491,348626.95714045357,6306639.144688506,4.471305181184979,2698.061853175692,h3_r7,E23_N420,test
87b2c5566ffffff,166369,246155.8989,150369,220644.2784,344579.2104018382,6306493.798871128,4.473369596700418,2698.933662271418,h3_r7,E22_N420,validation
87b2c5568ffffff,3247142,4329282.362899999,3568706,4904614.060399993,350297.8240494878,6301181.089680484,4.46550074380231,2696.7106916505145,h3_r7,E23_N420,test
87b2c5569ffffff,523687,705762.1596,529051,731214.7248000001,352249.59648104233,6300148.582147319,4.463513622824444,2696.0916778367246,h3_r7,E23_N420,test
87b2c556affffff,1617821,2173540.7137999963,1798628,2479142.324199997,348204.8052315176,6300002.231245581,4.465577749454263,2696.9631859511137,h3_r7,E23_N420,test
87b2c556bffffff,595217,808368.7686999999,584927,803707.1561000001,350156.9189518823,6298969.893310409,4.463591521367197,2696.344280231977,h3_r7,E23_N419,train
87b2c556cffffff,16290,22502.9218,27519,38181.5084,350438.7870305597,6303392.906890343,4.467409424976892,2697.0768697002786,h3_r7,E23_N420,test
87b2c556dffffff,1417597,1877851.0002999997,1451441,1977629.551999999,352390.80518331577,6302359.912074219,4.465421839068164,2696.457811202097,h3_r7,E23_N420,test
87b2c556effffff,88920,138896.14429999999,68169,99230.3278,348345.46449162695,6302213.914994413,4.467487436876073,2697.3296421082923,h3_r7,E23_N420,test
87b2c5570ffffff,9474,16418.3651,5350,8549.804399999999,340390.48004378815,6304134.761863008,4.473518341689083,2699.4381696187193,h3_r7,E22_N420,validation
87b2c5571ffffff,128231,209902.3045,114036,172495.68,342344.94174079294,6303101.152190784,4.471533847052288,2698.819520357996,h3_r7,E22_N420,validation
87b2c5572ffffff,110056,189871.5842,95778,145978.4907,338296.05961623334,6302955.188882573,4.473589856638663,2699.689842517837,h3_r7,E22_N420,validation
87b2c5573ffffff,179761,291772.9135,165523,247443.4275,340250.8623694824,6301921.748835301,4.471606261976795,2699.0713022953714,h3_r7,E22_N420,validation
87b2c5574ffffff,290862,418002.1883999999,298918,434472.97570000007,340530.1564508497,6306348.3959201425,4.475429876079231,2699.8048026426695,h3_r7,E22_N420,validation
87b2c5575ffffff,175993,257720.4152,181063,261617.6183,342484.8637859501,6305314.298551992,4.473444921654531,2699.1861094775377,h3_r7,E22_N420,validation
87b2c5576ffffff,45278,67853.012,37505,54826.916600000004,338435.4315360718,6305168.689702427,4.475502396189472,2700.056753793964,h3_r7,E22_N420,validation
87b2c5704ffffff,27192,42786.4148,16040,24143.316399999992,356967.8827479187,6279396.392031106,4.4422761452493225,2691.2979424668592,h3_r7,E23_N418,validation
87b2c5706ffffff,6525,10779.0246,3291,5043.0533000000005,354878.6618687868,6278219.2919759,4.442348714663148,2691.5486487719463,h3_r7,E23_N418,validation
87b2c5714ffffff,85649,144262.121,53137,79723.5647,350840.6870932102,6278069.474553727,4.444402211131749,2692.4175837806542,h3_r7,E23_N418,validation
87b2c5715ffffff,11401,18637.6418,5886,8972.4911,352789.4055841421,6277042.157561453,4.442419401061726,2691.798970138654,h3_r7,E23_N418,validation
87b2c5716ffffff,18499,33169.9648,11789,17600.2886,348751.0556965505,6276892.135302115,4.444470122327926,2692.667411602568,h3_r7,E23_N418,validation
87b2c5722ffffff,29580,46381.4717,22522,33294.82059999999,357109.37056379707,6281601.285823229,4.44418717042731,2691.6657889338676,h3_r7,E23_N418,validation
87b2c5723ffffff,35566,57296.0428,24290,36765.122599999995,359057.06778363156,6280573.457648985,4.442201692962295,2691.046851385501,h3_r7,E23_N418,validation
87b2c5726ffffff,14368,21287.054,9273,13243.0318,357250.91574101994,6283806.802396776,4.446097678573921,2692.0334056306165,h3_r7,E23_N418,validation
87b2c5730ffffff,567970,797691.9690000003,586971,841522.7047000001,353071.2194648783,6281452.024612023,4.446244915248539,2692.5355415351805,h3_r7,E23_N418,validation
87b2c5731ffffff,160172,248903.7668,106802,166203.05660000004,355019.8449649698,6280424.04989241,4.444260735029439,2691.9167722745333,h3_r7,E23_N418,validation
87b2c5732ffffff,29875,50637.064699999995,21131,31921.481,350981.3177607771,6280274.583781317,4.446315705003831,2692.7860317269806,h3_r7,E23_N418,validation
87b2c5733ffffff,618100,886022.0101000005,601177,858865.3014,352930.28366207174,6279246.779443203,4.4443324153197095,2692.167370612733,h3_r7,E23_N418,validation
87b2c5734ffffff,667711,922329.2663999995,637363,911338.3945000002,353212.2129738077,6283657.892802599,4.448156898176843,2692.9034825366107,h3_r7,E23_N418,validation
87b2c5735ffffff,210002,311233.44430000003,155107,228233.52359999996,355161.0856043823,6282629.430843219,4.4461722397218315,2692.2846661109943,h3_r7,E23_N418,validation
87b2c5736ffffff,144877,227365.2625,120003,175747.48699999996,351122.00631618925,6282480.316283654,4.448228683227689,2693.1542498643976,h3_r7,E23_N418,validation
87b2c57a4ffffff,8977,14871.6221,7676,12222.5541,344711.40364438435,6276742.0544736665,4.446516758152745,2693.5351892023464,h3_r7,E22_N418,train
87b2c57a5ffffff,11056,17426.8823,9015,14687.807200000001,346661.3899102929,6275714.761766514,4.444536148756184,2692.9168539071106,h3_r7,E23_N418,validation
87b2c57a6ffffff,7669,12144.3343,5294,8819.0817,342621.3640656092,6275564.476026526,4.446580003351405,2693.7841367549845,h3_r7,E22_N418,train
87b2c57b0ffffff,9863,15844.1206,7844,13321.3704,338441.1852290693,6273209.216584574,4.446700834176203,2694.2808734350256,h3_r7,E22_N418,train
87b2c57b3ffffff,659,1089.7911000000001,388,659.4046999999999,338302.3916350317,6271004.926347739,4.444781404096818,2693.9107645679615,h3_r7,E22_N418,train
87b2c57b4ffffff,826,1430.2883,471,728.7398000000001,338580.03779622447,6275414.131611889,4.448619756750278,2694.65075315407,h3_r7,E22_N418,train
87b2c57b5ffffff,460,784.3207,285,454.37399999999997,340531.29111432214,6274386.863370754,4.446641362074433,2694.032698224997,h3_r7,E22_N418,train
87b2c5cd3ffffff,3048,4617.2868,2002,2847.8634,338853.90062384645,6311812.91713628,4.481236723889111,2701.156078803062,h3_r7,E22_N420,validation
87b2c5cd8ffffff,13676,20140.8389,11830,17012.5233,342764.883502283,6309742.453317203,4.477265428110473,2699.918584136176,h3_r7,E22_N420,validation
87b2c5cd9ffffff,55626,80251.3314,50976,71947.9751,344719.49487992516,6308707.698920608,4.475279116848329,2699.2997386216884,h3_r7,E22_N420,validation
87b2c5cdaffffff,84339,124179.04629999999,70130,101358.0176,340669.89157288324,6308562.650732415,4.477340862426485,2700.171200997429,h3_r7,E22_N420,validation
87b2c5cdbffffff,398387,580838.5726000004,395220,557692.6965000002,342624.84437915235,6307528.065685675,4.475355449578944,2699.552464193257,h3_r7,E22_N420,validation
87b2c5cddffffff,871,1266.1512,787,1120.5154,344859.83770266746,6310922.219210545,4.477188086252731,2699.665580091765,h3_r7,E22_N420,validation
87b2c5cdeffffff,46900,70879.6554,45094,66001.3796,340809.6853920042,6310777.526024781,4.47925129802351,2700.5373643242056,h3_r7,E22_N420,validation
